{
  "Ecosystem Health Indicators": {
    "Biodiversity Levels": {
      "Species Richness": {
        "Habitat Diversity": {},
        "Keystone Species Presence": {},
        "Invasive Species Count": {},
        "Pollinator Variety": {},
        "Migratory Species Use": {},
        "Trophic Level Range": {},
        "Freshwater Species Count": {},
        "Biodiversity": {},
        "Species Diversity": {},
        "Floral Diversity": {},
        "Faunal Diversity": {},
        "Taxonomic Richness": {},
        "Ecological Variety": {},
        "Biological Variety": {},
        "Species Count": {},
        "Species Variety": {},
        "Community Diversity": {},
        "Ecological Richness": {},
        "Biodiversity Index": {},
        "Species Composition": {},
        "Richness of Species": {},
        "Biological Diversity": {},
        "Ecological Complexity": {}
      },
      "Genetic Diversity": {
        "Allele Frequency Variance": {},
        "Genotype Distribution": {},
        "Haplotype Diversity": {},
        "Gene Pool Size": {},
        "Genetic Mutation Rate": {},
        "Effective Population Size": {},
        "Genetic Variation": {},
        "Genetic Heterogeneity": {},
        "Genetic Diversity Index": {},
        "Allelic Diversity": {},
        "Genetic Polymorphism": {},
        "Genetic Variability": {},
        "Population Diversity": {},
        "Genetic Resource Diversity": {},
        "Genetic Differentiation": {},
        "Ecological Diversity": {},
        "Genetic Makeup Variation": {},
        "Species Variation": {},
        "Adaptive Diversity": {},
        "Intraspecific Diversity": {},
        "Genomic Diversity": {}
      },
      "Population Abundance": {
        "Mammalian Population Density": {},
        "Avian Biomass Levels": {},
        "Aquatic Species Count": {},
        "Insect Population Estimates": {},
        "Plant Community Coverage": {},
        "Population Density": {},
        "Population Size": {},
        "Species Abundance": {},
        "Ecological Density": {},
        "Biomass": {},
        "Community Abundance": {},
        "Numerical Strength": {},
        "Organism Count": {},
        "Demographic Abundance": {}
      },
      "Functional Diversity": {
        "Trophic Interactions": {},
        "Habitat Heterogeneity": {},
        "Nutrient Cycling": {},
        "Pollination Services": {},
        "Seed Dispersal Patterns": {},
        "Decomposition Rates": {},
        "Functional Variation": {},
        "Ecological Functionality": {},
        "Diversity of Roles": {},
        "Functional Richness": {},
        "Trait Diversity": {},
        "Ecosystem Complexity": {},
        "Biodiversity of Functions": {},
        "Functional Ecosystem Diversity": {},
        "Role Diversity": {},
        "Functional Composition": {},
        "Ecological Roles Diversity": {},
        "Species Functionality": {},
        "Functional Traits Variation": {},
        "Ecosystem Service Diversity": {}
      },
      "Endemic Species Proportion": {
        "Habitat Suitability for Endemic Species": {},
        "Population Viability of Endemic Species": {},
        "Threat Levels to Endemic Species": {},
        "Reproductive Success of Endemic Species": {},
        "Geographical Range of Endemic Species Distribution": {},
        "Native Species Ratio": {},
        "Indigenous Species Percentage": {},
        "Local Species Share": {},
        "Endemic Flora and Fauna Ratio": {},
        "Regional Species Composition": {},
        "Endemic Biodiversity Fraction": {},
        "Local Diversity Rate": {},
        "Indigenous Biodiversity Proportion": {},
        "Endemic Species Share": {},
        "Native Species Representation": {},
        "Regional Endemism Ratio": {},
        "Endemic Species Index": {}
      },
      "Ecosystem Diversity": {},
      "Flora and Fauna Diversity": {},
      "Taxonomic Diversity": {},
      "Biodiversity Metrics": {}
    },
    "Water Quality": {
      "Nutrient Levels": {
        "Nitrogen Concentration": {},
        "Phosphorus Concentration": {},
        "Algal Biomass": {},
        "Macrophyte Growth": {},
        "Soil Nutrient Content": {},
        "Nutrient Concentration": {},
        "Nutrient Content": {},
        "Nutritional Value": {},
        "Nutrient Density": {},
        "Nutrient Profile": {},
        "Nutritional Levels": {},
        "Micronutrient Levels": {},
        "Macronutrient Levels": {},
        "Nutrient Composition": {},
        "Nutrient Amounts": {},
        "Nutritional Composition": {},
        "Biochemical Levels": {}
      },
      "Dissolved Oxygen Levels": {
        "Biological Oxygen Demand": {},
        "Aquatic Plant Coverage": {},
        "Fish Population Health": {},
        "Water Temperature": {},
        "Sediment Oxygen Demand": {},
        "Oxygen Saturation": {},
        "Oxygen Concentration": {},
        "Dissolved Oxygen Concentration": {},
        "DO Levels": {},
        "Oxygen Content": {},
        "Oxygen Availability": {},
        "Oxygen Solubility": {},
        "Aquatic Oxygen Levels": {},
        "Water Oxygen Levels": {},
        "Oxygen in Water": {},
        "Oxygen Supply": {},
        "Dissolved O2": {},
        "Total Dissolved Oxygen": {},
        "Oxygen Measurement": {}
      },
      "pH Levels": {
        "Acidity of Soil": {},
        "Alkalinity of Freshwater Bodies": {},
        "Buffering Capacity": {},
        "Ocean Acidification Levels": {},
        "acidity": {},
        "alkalinity": {},
        "hydrogen ion concentration": {},
        "pH value": {},
        "pH measurement": {},
        "pH scale": {},
        "ionic balance": {},
        "chemical balance": {},
        "solution acidity": {},
        "solution alkalinity": {},
        "aqueous acidity": {},
        "aqueous alkalinity": {}
      },
      "Turbidity": {
        "Sediment Concentration": {},
        "Algal Bloom Density": {},
        "Plankton Population Size": {},
        "cloudiness": {},
        "murkiness": {},
        "opacity": {},
        "haze": {},
        "sediment concentration": {},
        "pollution level": {},
        "water clarity": {},
        "contaminant level": {}
      },
      "Contaminant Concentrations": {
        "Heavy Metal Levels": {},
        "Pesticide Residues": {},
        "Pollutant Levels": {},
        "Toxin Density": {},
        "Impurity Concentrations": {},
        "Adulterant Amounts": {}
      },
      "Water Purity": {},
      "Hydrological Quality": {},
      "Water Standards": {},
      "Aquatic Quality": {},
      "Water Safety": {},
      "Water Cleanliness": {},
      "Water Integrity": {},
      "Water Condition": {},
      "Water Composition": {},
      "Water Assessment": {},
      "Water Contamination Levels": {},
      "Water Health": {}
    },
    "Soil Health": {
      "Soil Organic Matter": {
        "Soil Carbon Sequestration": {},
        "Soil Biodiversity Habitat": {},
        "Soil Erosion Resistance": {},
        "Soil Water Holding Capacity": {},
        "Soil Pollutant Filtration": {},
        "Soil pH Buffering": {},
        "Soil Aggregate Stability": {},
        "humus": {},
        "organic matter": {},
        "soil carbon": {},
        "decomposed organic material": {},
        "plant residue": {},
        "animal waste": {},
        "compost": {},
        "soil nutrients": {},
        "biomass": {},
        "organic residues": {},
        "microbial biomass": {},
        "soil fertility": {},
        "peat": {},
        "leaf litter": {},
        "organic amendments": {},
        "natural fertilizers": {}
      },
      "Soil Nutrient Levels": {
        "Nitrogen Content": {},
        "Phosphorus Availability": {},
        "Potassium Levels": {},
        "Soil Fertility": {},
        "Nutrient Content in Soil": {},
        "Soil Nutrient Concentration": {},
        "Soil Health Indicators": {},
        "Nutrient Status of Soil": {},
        "Soil Nutrient Profile": {}
      },
      "Soil Microbial Biomass": {
        "Microbial Diversity": {},
        "Carbon Biomass Content": {},
        "Nitrogen Biomass Content": {},
        "Microbial Activity Levels": {},
        "Fungal to Bacterial Ratio": {},
        "Soil Microbial Community": {},
        "Microbial Biomass in Soil": {},
        "Soil Microflora": {},
        "Soil Microbial Population": {},
        "Soil Microbial Mass": {},
        "Microbial Life in Soil": {},
        "Soil Microbial Diversity": {},
        "Soil Bacterial Biomass": {},
        "Soil Fungal Biomass": {},
        "Soil Microbial Organisms": {},
        "Soil Biological Activity": {},
        "Soil Microbial Ecology": {}
      },
      "Soil Structure": {
        "Soil Aggregation": {},
        "Soil Compaction": {},
        "Soil Porosity": {},
        "Soil Composition": {},
        "Soil Texture": {},
        "Soil Framework": {},
        "Soil Arrangement": {},
        "Soil Architecture": {}
      },
      "Soil Moisture Content": {
        "Evapotranspiration Rates": {},
        " Water Infiltration Capacity": {},
        "Soil Water Content": {},
        "Moisture Level in Soil": {},
        "Soil Humidity": {},
        "Water Retention in Soil": {}
      },
      "Soil Quality": {},
      "Soil Vitality": {},
      "Soil Condition": {},
      "Soil Productivity": {},
      "Soil Sustainability": {},
      "Soil Integrity": {},
      "Soil Ecosystem Health": {},
      "Soil Biotic Activity": {},
      "Soil Nutrient Balance": {}
    },
    "Habitat Extent": {
      "Forest Area": {
        "Tree Canopy Density": {},
        "Forest Biodiversity Levels": {},
        "Deforestation Rates": {},
        "Woodland": {},
        "Timberland": {},
        "Wooded region": {},
        "Forestland": {},
        "Tree cover": {},
        "Sylvan area": {}
      },
      "Wetland Coverage": {
        "Vegetation Density": {},
        "Wildlife Habitats": {},
        "Marshland Area": {},
        "Swamp Coverage": {},
        "Bog Extent": {},
        "Floodplain Coverage": {},
        "Wetland Area": {},
        "Waterlogged Terrain": {},
        "Aquatic Habitat Coverage": {},
        "Riparian Zone Extent": {},
        "Estuarine Area": {},
        "Hydric Soil Coverage": {}
      },
      "Grassland Spread": {
        "Soil Carbon Content": {},
        "Invasive Species Extent": {},
        "Primary Productivity": {},
        "Prairie Expansion": {},
        "Savanna Proliferation": {},
        "Meadow Growth": {},
        "Steppe Distribution": {},
        "Pasture Spread": {},
        "Grassland Proliferation": {},
        "Turf Expansion": {},
        "Forage Area ": {}
      },
      "Coral Reef Distribution": {
        "Coral Reef Area": {},
        "Coral Species Diversity": {},
        "Coral Cover Percentage": {},
        "Water Depth Range of Reefs": {},
        "Coral Reef Bleaching Incidents": {},
        "Coral Habitat Distribution": {},
        "Coral Ecosystem Spread": {},
        "Coral Population Distribution": {},
        "Coral Biome Dispersion": {},
        "Coral Community Distribution": {},
        "Coral Formation Distribution": {},
        "Coral Reef Location Patterns": {},
        "Coral Reef Spatial Distribution": {},
        "Coral Reef Biogeography": {},
        "Coral Reef Presence": {},
        "Coral Reef Range": {},
        "Coral Reef Habitat Mapping": {}
      },
      "Coastal Mangrove Range": {
        "Mangrove Species Diversity": {},
        "Mangrove Canopy Cover": {},
        "Mangrove Ecosystem": {},
        "Coastal Wetlands": {},
        "Tidal Forests": {},
        "Mangrove Habitat": {}
      },
      "Urban Green Spaces": {
        "Green Space Accessibility": {},
        "Canopy Coverage": {},
        "Air Quality Improvement": {},
        "Recreational Space Availability": {},
        "City Parks": {},
        "Public Gardens": {},
        "Urban Parks": {},
        "Greenbelts": {},
        "Community Gardens": {},
        "Nature Reserves": {},
        "Open Spaces": {},
        "Botanical Gardens": {},
        "Recreational Areas": {},
        "Green Corridors": {},
        "Parklands": {},
        "Urban Nature Areas": {},
        "Green Roofs": {},
        "Plazas": {}
      },
      "Desert Boundaries": {
        "Desert Vegetation Extent": {},
        "Soil Moisture Levels": {},
        "Animal Habitat Range": {},
        "Desert Borders": {},
        "Desert Limits": {},
        "Desert Perimeters": {},
        "Desert Edges": {},
        "Desert Demarcations": {},
        "Desert Frontier": {}
      },
      "Habitat Range": {},
      "Habitat Distribution": {},
      "Habitat Area": {},
      "Habitat Scope": {},
      "Habitat Coverage": {},
      "Habitat Zone": {},
      "Habitat Region": {},
      "Habitat Span": {},
      "Habitat Territory": {},
      "Habitat Reach": {},
      "Habitat Locale": {},
      "Habitat Environment": {},
      "Habitat Field": {},
      "Habitat Landscape": {},
      "Habitat Expanse": {},
      "Habitat Domain": {}
    },
    "Environmental Health Metrics": {},
    "Biodiversity Indicators": {},
    "Ecosystem Vitality Measures": {},
    "Ecological Condition Indicators": {},
    "Sustainability Metrics": {},
    "Ecosystem Integrity Assessments": {},
    "Habitat Quality Indicators": {},
    "Ecosystem Function Metrics": {}
  },
  "Economic Impact Metrics": {
    "Gross Domestic Product (GDP)": {
      "Agricultural Output": {
        "Crop Yield": {},
        "Livestock Production": {},
        "Agricultural Export Volume": {},
        "Irrigated Land Area": {},
        "Use of Agrochemicals": {},
        "Water Consumption in Agriculture": {},
        "Farm Income Levels": {},
        "Farm Production": {},
        "Agricultural Production": {},
        "Harvest Volume": {},
        "Yield Output": {},
        "Field Output": {},
        "Farm Yield": {},
        "Produce Quantity": {},
        "Agricultural Yield": {},
        "Crop Production": {},
        "Farm Output": {},
        "Harvest Output": {},
        "Agricultural Efficiency": {},
        "Yield Performance": {},
        "Produce Output": {},
        "Farming Results": {}
      },
      "Manufacturing Output": {
        "Factory Production Levels": {},
        "Manufacturing Employment": {},
        "Supply Chain Efficiency": {},
        "Manufactured Goods Inventory": {},
        "Capital Investment in Manufacturing": {},
        "Production Volume": {},
        "Manufactured Goods": {},
        "Output Production": {},
        "Fabrication Output": {},
        "Industrial Output": {},
        "Manufacturing Yield": {},
        "Production Output": {},
        "Goods Production": {},
        "Output Level": {},
        "Manufacturing Production": {},
        "Output Quantity": {},
        "Factory Output": {}
      },
      "Service Sector Production": {
        "Tourism Activity Levels": {},
        "Professional Services Output": {},
        "Healthcare Services Delivery": {},
        "Tertiary Sector Output": {},
        "Service Industry Output": {},
        "Service Sector Output": {},
        "Tertiary Production": {},
        "Service Delivery Production": {},
        "Non-Goods Production": {}
      },
      "Industrial Energy Production": {
        "Energy Supply Costs": {},
        "Energy Output Efficiency": {},
        "Industrial Energy Usage Levels": {},
        "Manufacturing Energy Generation": {},
        "Commercial Power Production": {},
        "Industrial Power Generation": {},
        "Energy Manufacturing": {},
        "Industrial Electricity Production": {},
        "Utility-Scale Energy Production": {}
      },
      "Renewable Energy Capacity": {
        "Installed Solar Power Capacity": {},
        "Wind Turbine Generation Capability": {},
        "Hydropower Generation Potential": {},
        "Sustainable Energy Potential": {},
        "Clean Energy Capacity": {},
        "Green Energy Capability": {},
        "Alternative Energy Capacity": {},
        "Regenerative Energy Resources": {},
        "Eco-friendly Energy Output": {}
      },
      "Infrastructure Development": {
        "Transportation Network Density": {},
        "Public Transit Accessibility": {},
        "Digital Infrastructure Expansion": {},
        "Electricity Grid Reliability": {},
        "Broadband Internet Penetration": {},
        "Infrastructure Expansion": {},
        "Infrastructure Improvement": {},
        "Infrastructure Enhancement": {},
        "Infrastructure Growth": {},
        "Infrastructure Construction": {},
        "Infrastructure Investment": {},
        "Infrastructure Projects": {},
        "Infrastructure Planning": {},
        "Infrastructure Upgrading": {},
        "Infrastructure Modernization": {},
        "Infrastructure Establishment": {},
        "Infrastructure Revitalization": {},
        "Infrastructure Framework Development": {},
        "Infrastructure System Development": {}
      },
      "National Income": {},
      "Economic Output": {},
      "Gross National Product (GNP)": {},
      "Total Economic Activity": {},
      "Domestic Economic Production": {},
      "Aggregate Economic Performance": {},
      "National Output": {},
      "Economic Growth Measure": {},
      "Gross Domestic Income": {},
      "Total Value Added": {},
      "Market Value of Goods and Services": {},
      "National Economic Performance": {},
      "Real GDP": {},
      "Nominal GDP": {}
    },
    "Investment Levels": {
      "Renewable Energy Investments": {
        "Job Creation in Renewable Energy Sectors": {},
        "Renewable Energy Project Financing Levels": {},
        "Market Share of Renewable Energy Companies": {},
        "Cost Competitiveness of Renewable Energy Technologies": {},
        "Foreign Direct Investment in Renewable Energy": {},
        "Renewable Energy Export Volumes": {},
        "Sustainable Energy Investments": {},
        "Clean Energy Investments": {},
        "Green Energy Investments": {},
        "Alternative Energy Investments": {},
        "Eco-Friendly Energy Investments": {},
        "Regenerative Energy Investments": {},
        "Resilient Energy Investments": {},
        "Natural Energy Investments": {},
        "Low-Carbon Energy Investments": {},
        "Solar Energy Investments": {},
        "Wind Energy Investments": {},
        "Hydro Energy Investments": {},
        "Biomass Energy Investments": {},
        "Energy Transition Investments": {}
      },
      "Infrastructure Development Funding": {
        "Public Infrastructure Investment Levels": {},
        "Private Sector Contributions": {},
        "International Development Aid": {},
        "Transportation Infrastructure Allocations": {},
        "Digital Infrastructure Spending": {},
        "Infrastructure Investment Financing": {},
        "Capital for Infrastructure Projects": {},
        "Public Works Funding": {},
        "Infrastructure Financing": {},
        "Construction Project Funding": {},
        "Infrastructure Capital Investment": {},
        "Developmental Funding for Infrastructure": {},
        "Infrastructure Grant Funding": {},
        "Public Infrastructure Financing": {},
        "Infrastructure Project Financing": {},
        "Funding for Public Infrastructure": {},
        "Infrastructure Development Capital": {}
      },
      "Sustainable Technology Investments": {
        "Research and Development Spending": {},
        "Market Adoption Rates of Sustainable Technologies": {},
        "Cost Efficiency of Sustainable Technologies": {},
        "Eco-friendly Technology Investments": {},
        "Green Technology Funding": {},
        "Renewable Technology Investments": {},
        "Sustainable Tech Financing": {},
        "Environmental Technology Investments": {},
        "Clean Technology Capital": {}
      },
      "Green Bond Issuance": {
        "Volume of Green Bonds Issued": {},
        "Market Share of Green Bonds": {},
        "Green Bond Return Rates": {},
        "Diversity of Issuers in Green Bond Market": {},
        "Capital Raised for Renewable Energy Projects via Green Bonds": {},
        "Corporate Participation in Green Bond Issuance": {},
        "Cross-Border Green Bond Transactions": {},
        "Sustainable Bond Issuance": {},
        "Environmental Bond Offering": {},
        "Eco-Bond Issuance": {},
        "Climate Bond Issuance": {},
        "Green Financing": {},
        "Green Debt Issuance": {},
        "Renewable Energy Bond Offering": {},
        "Sustainable Investment Bonds": {},
        "Green Loan Issuance": {},
        "Eco-Friendly Bond Issuance": {},
        "Impact Bond Issuance": {},
        "Socially Responsible Bond Offering": {},
        "Green Project Financing": {},
        "Climate-Aligned Bond Issuance": {}
      },
      "Capital Allocation": {},
      "Funding Tiers": {},
      "Investment Categories": {},
      "Financial Commitment Levels": {},
      "Investment Grades": {},
      "Resource Investment Stages": {},
      "Investment Scales": {},
      "Capital Investment Brackets": {}
    },
    "Trade Volume": {
      "Cross-Border Energy Transfers": {
        "Trade Volumes of Energy Commodities": {},
        "Cross-Border Energy Infrastructure Investments": {},
        "Tariff Rates on Energy Products": {},
        "Energy Transit Fees": {},
        "Cross-Border Energy Trade Balances": {},
        "International Energy Trade": {},
        "Transnational Energy Exchange": {},
        "Global Energy Transfers": {},
        "Interstate Energy Transactions": {},
        "Cross-National Energy Flow": {},
        "Borderless Energy Supply": {},
        "Multinational Energy Distribution": {},
        "Transboundary Energy Movement": {},
        "Crossfrontier Energy Commerce": {},
        "Global Power Transfers": {},
        "Intercontinental Energy Trade": {},
        "Regional Energy Cooperation": {}
      },
      "Agricultural Commodity Exchange": {
        "Crop Production Volumes": {},
        "Commodity Price Indexes": {},
        "Agricultural Trade Balances": {},
        "Futures Contract Volumes": {},
        "Market Accessibility": {},
        "Commodity Storage Capacities": {},
        "Agricultural Market": {},
        "Farm Produce Exchange": {},
        "Commodity Trading Platform": {},
        "Grain Exchange": {},
        "Agri-Commodity Market": {},
        "Crop Trading Exchange": {},
        "Farm Goods Market": {},
        "Agricultural Trading Hub": {},
        "Produce Exchange": {},
        "Commodity Exchange": {},
        "Agri-Trade Platform": {},
        "Harvest Market": {},
        "Farmers' Exchange": {},
        "Agricultural Futures Market": {}
      },
      "Trading Volume": {},
      "Transaction Volume": {},
      "Market Volume": {},
      "Sales Volume": {}
    },
    "Employment Rates": {
      "Renewable Energy Employment": {
        "Solar Energy Workforce Size": {},
        "Wind Energy Job Creation": {},
        "Hydroelectric Project Employment": {},
        "Geothermal Industry Positions": {},
        "Biomass Power Station Staffing": {},
        "Sustainable Energy Jobs": {},
        "Green Energy Employment": {},
        "Clean Energy Careers": {},
        "Eco-Friendly Job Opportunities": {},
        "Alternative Energy Workforce": {},
        "Renewable Sector Employment": {},
        "Sustainable Workforce": {},
        "Clean Tech Jobs": {},
        "Environmental Energy Careers": {},
        "Green Sector Employment": {},
        "Renewable Resource Jobs": {},
        "Sustainable Development Employment": {},
        "Low-Carbon Job Market": {},
        "Eco-Energy Employment": {},
        "Renewable Industry Careers": {},
        "Sustainable Energy Workforce": {}
      },
      "Green Infrastructure Job Opportunities": {
        "Urban Green Space Development Employment": {},
        "Public Transportation Infrastructure Jobs": {},
        "Stormwater Management Workforce": {},
        "Wetland Restoration Labor Opportunities": {},
        "Green Roofs Installation Jobs": {},
        "Eco-friendly Construction Labor": {},
        "Bioswale Implementation Workforce": {},
        "Sustainable Infrastructure Employment": {},
        "Eco-Friendly Job Openings": {},
        "Environmental Infrastructure Careers": {},
        "Green Jobs in Infrastructure": {},
        "Sustainable Development Positions": {},
        "Ecological Infrastructure Employment": {},
        "Renewable Infrastructure Job Vacancies": {},
        "Green Urban Development Opportunities": {},
        "Sustainable Engineering Job Opportunities": {},
        "Environmental Job Prospects": {},
        "Green Technology Employment": {},
        "Eco-Innovation Career Openings": {},
        "Sustainable Design Job Opportunities": {},
        "Climate Resilient Infrastructure Careers": {},
        "Green Building Job Openings": {},
        "Natural Resource Management Employment": {}
      },
      "Environmental Consulting Employment": {
        "Environmental Project Contracts": {},
        "Consulting Revenue Streams": {},
        "Workforce Size in Environmental Consulting": {},
        "Number of Environmental Impact Assessments": {},
        "Scope of Environmental Policy Advisory Services": {},
        "Technological Innovation Adoption in Consulting Practices": {},
        "Client Diversity in Environmental Consulting": {},
        "Environmental Advisory Jobs": {},
        "Sustainability Consulting Careers": {},
        "Ecological Consulting Positions": {},
        "Environmental Analysis Employment": {},
        "Green Consulting Opportunities": {},
        "Environmental Services Jobs": {},
        "Sustainability Employment": {},
        "Environmental Assessment Careers": {},
        "Conservation Consulting Roles": {},
        "Environmental Management Positions": {},
        "Eco-Consulting Jobs": {},
        "Environmental Science Employment": {},
        "Natural Resource Consulting Jobs": {},
        "Environmental Policy Careers": {},
        "Climate Change Consulting Opportunities": {},
        "Environmental Compliance Employment": {}
      },
      "Sustainable Agriculture Workforce": {
        "Farm Employment Levels": {},
        "Agricultural Training Programs": {},
        "Agroforestry Workforce": {},
        "Organic Farming Employment": {},
        "Agricultural Supply Chain Jobs": {},
        "Precision Agriculture Technicians": {},
        "Soil Management Employment": {},
        "Eco-friendly farming labor": {},
        "Green agriculture workforce": {},
        "Sustainable farming personnel": {},
        "Environmental agriculture team": {},
        "Renewable farming labor force": {},
        "Conservation agriculture workforce": {},
        "Sustainable farming staff": {},
        "Ecological farming workforce": {},
        "Organic agriculture labor": {},
        "Regenerative agriculture team": {},
        "Sustainable agronomy workforce": {},
        "Responsible farming personnel": {},
        "Climate-smart agriculture labor": {},
        "Sustainable land management workforce": {},
        "Agroecological workforce": {},
        "Resilient agriculture labor force": {}
      },
      "Job Statistics": {},
      "Workforce Participation Rates": {},
      "Labor Market Rates": {},
      "Employment Levels": {},
      "Job Availability Rates": {},
      "Occupational Rates": {},
      "Hiring Rates": {},
      "Employment Figures": {}
    },
    "Consumer Spending": {
      "Household Disposable Income": {
        "Utility Costs": {},
        "Housing Expenses": {},
        "Transportation Expenses": {},
        "Net Household Income": {},
        "Available Household Income": {},
        "Discretionary Income": {},
        "Post-Tax Income": {},
        "Spendable Income": {},
        "Family Disposable Income": {}
      },
      "Credit Card Usage": {
        "Credit Card Transaction Volume": {},
        "Credit Card Debt Levels": {},
        "Interest Paid on Credit Cards": {},
        "Credit Card Delinquency Rates": {},
        "Credit Card Rewards Allocation": {},
        "Credit Card Transactions": {},
        "Credit Card Expenditure": {},
        "Credit Card Spending": {},
        "Credit Card Utilization": {},
        "Credit Card Payments": {},
        "Credit Card Charges": {},
        "Credit Card Activity": {},
        "Credit Card Purchases": {},
        "Credit Card Management": {},
        "Credit Card Consumption": {}
      },
      "Retail Sales Volume": {
        "Consumer Energy Product Sales": {},
        "Eco-friendly Product Sales": {},
        "Retail Sales Quantity": {},
        "Sales Volume at Retail": {},
        "Retail Transaction Volume": {},
        "Retail Sales Figures": {}
      },
      "E-commerce Spending": {
        "Online Consumer Purchasing Frequency": {},
        "Average Transaction Value in E-commerce": {},
        "Digital Payment Adoption Rates": {},
        "Mobile Commerce Transactions": {},
        "E-commerce Platform Traffic": {},
        "Online Shopping Expenditure": {},
        "Digital Retail Spending": {},
        "E-commerce Expenditure": {},
        "Internet Shopping Costs": {},
        "Virtual Store Purchases": {},
        "Web-Based Buying Expenses": {},
        "Online Retail Investment": {},
        "Cyber Shopping Outlay": {},
        "E-commerce Financial Outflow": {},
        "Digital Marketplace Spending": {},
        "Internet Retail Expenditure": {},
        "Online Purchase Costs": {}
      },
      "Luxury Goods Purchases": {
        "High-Net-Worth Individual Spending": {},
        "Luxury Brand Market Share": {},
        "High-End Retail Acquisitions": {},
        "Premium Product Purchases": {},
        "Exclusive Merchandise Buying": {},
        "Upscale Goods Acquisitions": {}
      },
      "Household Expenditure": {},
      "Personal Consumption": {},
      "Retail Spending": {},
      "Consumer Expenditure": {},
      "Purchasing Activity": {},
      "Spending Habits": {},
      "Consumer Outlays": {},
      "Market Demand": {},
      "Economic Consumption": {},
      "Consumer Behavior": {},
      "Discretionary Spending": {}
    },
    "Business Profit Margins": {
      "Operational Costs": {
        "Labor Costs": {},
        "Material Costs": {},
        "Maintenance Expenses": {},
        "Utility Expenses": {},
        "Transportation Costs": {},
        "Regulatory Compliance Costs": {},
        "Operating Expenses": {},
        "Operating Costs": {},
        "Operational Expenses": {},
        "Running Costs": {},
        "Business Expenses": {},
        "Cost of Operations": {},
        "Administrative Costs": {},
        "Overhead Costs": {},
        "Fixed Costs": {},
        "Variable Costs": {},
        "Direct Costs": {},
        "Indirect Costs": {},
        "Management Expenses": {},
        "Production Costs": {},
        "Service Costs": {},
        "Maintenance Costs": {}
      },
      "Pricing Strategies": {
        "Price Elasticity": {},
        "Cost-Plus Pricing Ratios": {},
        "Dynamic Pricing Variability": {},
        "Bundle Pricing Effectiveness": {},
        "Penetration Pricing Coverage": {},
        "Pricing Models": {},
        "Price Setting Techniques": {},
        "Costing Approaches": {},
        "Pricing Methods": {},
        "Price Strategies": {},
        "Value-Based Pricing": {},
        "Dynamic Pricing": {},
        "Penetration Pricing": {},
        "Skimming Pricing": {},
        "Competitive Pricing": {},
        "Discount Strategies": {},
        "Psychological Pricing": {}
      },
      "Revenue Streams": {
        "Renewable Energy Revenues": {},
        "Carbon Credit Sales": {},
        "Eco-Tourism Income": {},
        "Conservation Grants": {},
        "Sustainable Product Sales": {},
        "Income Sources": {},
        "Earnings Channels": {},
        "Financial Streams": {},
        "Profit Avenues": {},
        "Cash Flow Sources": {},
        "Sales Outlets": {},
        "Monetary Streams": {},
        "Revenue Channels": {},
        "Income Avenues": {},
        "Profit Streams": {},
        "Funding Sources": {},
        "Revenue Sources": {},
        "Economic Streams": {},
        "Cash Inflows": {}
      },
      "Market Share": {
        "Customer Base Size": {},
        "Product Diversification": {},
        "Geographic Distribution": {},
        "Distribution Network Size": {},
        "Market Position": {},
        "Sales Share": {},
        "Industry Share": {},
        "Competitive Share": {},
        "Market Penetration": {},
        "Customer Base Percentage": {},
        "Share of Market": {},
        "Market Segment Share": {}
      },
      "Profitability Ratios": {},
      "Net Profit Margins": {},
      "Gross Profit Margins": {},
      "Operating Profit Margins": {},
      "Earnings Margins": {},
      "Return on Sales": {},
      "Margin of Profit": {},
      "Profit Ratios": {},
      "Financial Margins": {},
      "Net Income Margins": {}
    },
    "Economic Performance Indicators": {},
    "Financial Impact Assessments": {},
    "Economic Evaluation Metrics": {},
    "Financial Outcome Measures": {},
    "Economic Effect Measurements": {},
    "Economic Benefit Metrics": {},
    "Cost-Benefit Analysis Tools": {},
    "Economic Contribution Indicators": {},
    "Financial Impact Metrics": {},
    "Economic Performance Metrics": {},
    "Economic Value Assessment": {},
    "Return on Investment Metrics": {},
    "Economic Efficiency Indicators": {},
    "Impact Assessment Metrics": {},
    "Socioeconomic Impact Metrics": {},
    "Economic Analysis Tools": {}
  },
  "Energy Security Performance": {
    "Energy Supply Reliability": {
      "Grid Stability": {
        "Frequency Regulation": {},
        "Voltage Stability": {},
        "Renewable Integration Capability": {},
        "Demand Response Efficacy": {},
        "Grid Reliability": {},
        "Power System Stability": {},
        "Network Stability": {},
        "Electrical Grid Resilience": {},
        "Energy Stability": {},
        "Grid Balance": {},
        "Power Grid Integrity": {},
        "System Stability": {}
      },
      "Fuel Reserve Levels": {
        "Strategic Petroleum Reserves": {},
        "Natural Gas Storage Capacity": {},
        "Coal Stockpiles": {},
        "Biofuel Inventory Levels": {},
        "Energy Stockpiles": {},
        "Fuel Inventory Status": {},
        "Fuel Supply Metrics": {},
        "Energy Reserves": {},
        "Fuel Availability Levels": {},
        "Petroleum Stock Levels": {},
        "Fuel Supply Inventory": {},
        "Energy Resource Levels": {}
      },
      "Infrastructure Resilience": {
        "Transmission Network Integrity": {},
        "Distribution System Durability": {},
        "Pipeline Robustness": {},
        "Smart Grid Integration": {},
        "Renewable Energy Infrastructure Adaptability": {},
        "Cybersecurity Measures in Energy Systems": {},
        "Structural robustness": {},
        "System durability": {},
        "Infrastructure sustainability": {},
        "Resilient systems": {},
        "Adaptive infrastructure": {},
        "Infrastructure reliability": {},
        "Disaster-resistant infrastructure": {},
        "Operational continuity": {},
        "Infrastructure stability": {},
        "Resilience engineering": {},
        "Crisis preparedness": {},
        "Infrastructure adaptability": {},
        "Emergency resilience": {},
        "Robust infrastructure": {},
        "Infrastructure fortification": {},
        "Resilience planning": {}
      },
      "Supply Chain Continuity": {
        "Resource Availability": {},
        "Logistics Efficiency": {},
        "Supplier Diversity": {},
        "Distribution Network Reliability": {},
        "Inventory Management": {},
        "Supply Chain Transparency": {},
        "Contractual Flexibility": {},
        "Supply Chain Resilience": {},
        "Operational Continuity": {},
        "Supply Chain Stability": {},
        "Logistical Consistency": {},
        "Supply Chain Reliability": {},
        "Supply Chain Sustainability": {},
        "Operational Reliability": {},
        "Supply Chain Integrity": {},
        "Process Continuity": {},
        "Supply Chain Management": {},
        "Logistical Continuity": {},
        "Supply Chain Flow": {},
        "Supply Chain Cohesion": {},
        "Supply Chain Persistence": {},
        "Supply Chain Adaptability": {}
      },
      "Interconnection Quality": {
        "Transmission Efficiency": {},
        "Cross-Border Capacity": {},
        "Network Reliability": {},
        "Connectivity Standard": {},
        "Link Performance": {},
        "Network Integrity": {},
        "Connection Reliability": {},
        "Interlink Efficiency": {},
        "Data Transmission Quality": {}
      },
      "Generation Capacity": {
        "Renewable Energy Share": {},
        "Installed Power Plants": {},
        "Capacity Utilization Rate": {},
        "Energy Storage Capacity": {},
        "Production Capacity": {},
        "Output Capacity": {},
        "Generating Capability": {},
        "Energy Production Capacity": {},
        "Power Generation Potential": {},
        "Capacity for Generation": {},
        "Output Potential": {},
        "Generation Output": {}
      },
      "Emergency Response Capability": {
        "Energy Supply Reserve": {},
        "Response Personnel Readiness": {},
        "Crisis Communication Infrastructure": {},
        "Crisis Management Ability": {},
        "Disaster Response Readiness": {},
        "Emergency Preparedness Capacity": {},
        "Rapid Response Capability": {},
        "Incident Management Proficiency": {},
        "Contingency Response Skill": {}
      },
      "Power Supply Dependability": {},
      "Energy Provision Stability": {},
      "Electricity Supply Consistency": {},
      "Power Delivery Reliability": {},
      "Energy Supply Assurance": {},
      "Electricity Reliability": {},
      "Energy Availability": {},
      "Power Supply Integrity": {},
      "Energy Distribution Reliability": {},
      "Power Generation Consistency": {},
      "Energy Supply Trustworthiness": {},
      "Electricity Provision Reliability": {},
      "Energy Supply Security": {},
      "Power Resource Stability": {}
    },
    "Energy Resilience Assessment": {},
    "Energy Stability Evaluation": {},
    "Energy Security Effectiveness": {}
  },
  "Human Wellbeing Measures": {
    "Physical Health Status": {
      "Chronic Disease Prevalence": {
        "Obesity Rates": {},
        "Diabetes Prevalence": {},
        "Cardiovascular Disease Cases": {},
        "Respiratory Disease Rates": {},
        "Cancer Incidence": {},
        "Long-term illness frequency": {},
        "Persistent disease occurrence": {},
        "Ongoing health condition prevalence": {},
        "Continual disease rate": {},
        "Prolonged illness prevalence": {},
        "Enduring health issue frequency": {},
        "Sustained disease incidence": {},
        "Prolonged condition prevalence": {},
        "Constant illness rate": {},
        "Long-standing disease prevalence": {}
      },
      "Infectious Disease Incidence": {
        "Viral Infection Rates": {},
        "Bacterial Infection Rates": {},
        "Zoonotic Disease Occurrence": {},
        "Antibiotic Resistance Cases": {},
        "Vaccine Coverage": {},
        "Infectious Disease Occurrence": {},
        "Infectious Disease Prevalence": {},
        "Infectious Disease Rate": {},
        "Infectious Disease Frequency": {},
        "Infectious Disease Cases": {},
        "Infectious Disease Morbidity": {},
        "Infectious Disease Outbreak": {},
        "Infectious Disease Statistics": {},
        "Infectious Disease Burden": {},
        "Infectious Disease Transmission Rate": {}
      },
      "Physical Well-being": {},
      "Bodily Health Condition": {},
      "Somatic Health Status": {},
      "Physical Fitness Level": {}
    },
    "Nutritional Intake Quality": {
      "Dietary Diversity": {
        "Variety of Food Sources": {},
        "Consumption of Plant-based Foods": {},
        "Intake of Animal-sourced Foods": {},
        "Frequency of Meals": {},
        "Inclusion of Traditional Foods": {},
        "Dietary Balance": {},
        "Nutritional Variety": {},
        "Dietary Variety": {},
        "Food Diversity": {},
        "Nutritional Diversity": {},
        "Dietary Range": {},
        "Varied Diet": {},
        "Food Variety": {},
        "Diverse Nutrition": {},
        "Dietary Heterogeneity": {},
        "Balanced Diet": {},
        "Culinary Diversity": {},
        "Nutritional Spectrum": {}
      },
      "Micronutrient Sufficiency": {
        "Vitamin A Levels": {},
        "Iron Levels": {},
        "Zinc Levels": {},
        "Iodine Levels": {},
        "Calcium Levels": {},
        "Micronutrient Adequacy": {},
        "Micronutrient Balance": {},
        "Micronutrient Completeness": {},
        "Vitamin and Mineral Sufficiency": {},
        "Essential Nutrient Availability": {},
        "Micronutrient Richness": {},
        "Nutritional Sufficiency": {},
        "Micronutrient Status": {},
        "Nutritional Balance": {},
        "Trace Element Adequacy": {},
        "Micronutrient Provision": {},
        "Micronutrient Requirements Met": {},
        "Nutrient Sufficiency": {}
      },
      "Dietary Quality": {},
      "Food Quality": {},
      "Dietary Intake Assessment": {}
    },
    "Access to Clean Water": {
      "Potable Water Supply": {
        "Water Quality Standards": {},
        "Water Accessibility Rate": {},
        "Drinking Water Source": {},
        "Safe Water Supply": {},
        "Clean Water Provision": {},
        "Consumable Water Resource": {}
      },
      "Water Infrastructure Coverage": {
        "Piped Water Access": {},
        "Water Distribution Network Efficiency": {},
        "Water Storage Capacity": {},
        "Rural Water Infrastructure Development": {},
        "Water Supply Network": {},
        "Hydraulic Infrastructure": {},
        "Water Distribution System": {},
        "Water Service Provision": {},
        "Aquatic Infrastructure Coverage": {},
        "Water Accessibility Framework": {},
        "Water Resource Management": {},
        "Water Delivery System": {}
      },
      "Sanitation Facilities Access": {
        "Availability of Hygienic Toilets": {},
        "Access to Handwashing Stations": {},
        "Provision of Soap and Sanitizers": {},
        "Waste Management Facilities": {},
        "Maintenance Frequency of Sanitation Units": {},
        "Hygiene Infrastructure Access": {},
        "Clean Water Access": {},
        "Waste Disposal Facilities Access": {},
        "Sanitary Services Availability": {},
        "Restroom Access": {},
        "Public Hygiene Facilities": {},
        "Health and Sanitation Services": {},
        "Toilet Facilities Access": {},
        "Sewage Management Access": {},
        "Environmental Sanitation Access": {}
      },
      "Clean Water Availability": {},
      "Safe Water Access": {},
      "Potable Water Access": {},
      "Water Sanitation Access": {},
      "Drinking Water Accessibility": {},
      "Hygienic Water Supply": {}
    },
    "Human Development Indicators": {},
    "Quality of Life Metrics": {},
    "Wellbeing Indices": {},
    "Social Progress Indicators": {},
    "Life Satisfaction Measures": {},
    "Health and Happiness Assessments": {}
  },
  "Social Conflict Intensity": {
    "Protest Frequency": {
      "Energy Policy Protests": {
        "Protester Participation Numbers": {},
        "Frequency of Protests": {},
        "Geographic Spread of Protests": {},
        "Government Response Severity": {},
        "Public Support Levels for Protests": {},
        "Media Coverage Volume": {},
        "Diversity of Protester Demographics": {},
        "Energy Activism": {},
        "Energy Advocacy Demonstrations": {},
        "Renewable Energy Protests": {},
        "Climate Action Rallies": {},
        "Sustainable Energy Marches": {},
        "Energy Reform Demonstrations": {},
        "Fossil Fuel Protests": {},
        "Green Energy Advocacy": {},
        "Environmental Policy Protests": {},
        "Energy Transition Protests": {},
        "Clean Energy Campaigns": {},
        "Energy Justice Protests": {},
        "Climate Change Demonstrations": {},
        "Energy Regulation Activism": {},
        "Power Policy Protests": {},
        "Energy System Protests": {}
      },
      "Land Use Disputes": {
        "Number of Legal Actions": {},
        "Protests Related to Land Rights": {},
        "Incidents of Trespassing or Squatting": {},
        "Conflicts Over Traditional Lands": {},
        "Community Negotiation Sessions": {},
        "Land Use Conflicts": {},
        "Zoning Disputes": {},
        "Property Use Controversies": {},
        "Land Development Disagreements": {},
        "Land Management Conflicts": {},
        "Real Estate Disputes": {},
        "Spatial Planning Conflicts": {},
        "Land Rights Issues": {},
        "Territorial Disputes": {},
        "Environmental Land Use Conflicts": {}
      },
      "Resource Allocation Grievances": {
        "Water Access Disputes": {},
        "Food Distribution Inequities": {},
        "Housing Availability Tensions": {},
        "Healthcare Resource Competition": {},
        "Mineral Rights Conflicts": {},
        "Resource Distribution Issues": {},
        "Resource Management Complaints": {},
        "Allocation Disputes": {},
        "Resource Assignment Grievances": {},
        "Funding Allocation Concerns": {},
        "Resource Sharing Complaints": {},
        "Resource Utilization Discontent": {},
        "Distribution Equity Issues": {},
        "Resource Equity Grievances": {},
        "Resource Deployment Complaints": {},
        "Allocation Inequity Concerns": {},
        "Resource Access Grievances": {},
        "Resource Disbursement Complaints": {},
        "Resource Access Issues": {}
      },
      "Environmental Protection Movements": {
        "Environmental Activism Participation": {},
        "Public Demonstrations on Habitat Conservation": {},
        "Community Engagement in Renewable Initiatives": {},
        "Ecological Advocacy Groups": {},
        "Conservation Initiatives": {},
        "Sustainability Campaigns": {},
        "Green Activism": {},
        "Environmentalism": {},
        "Nature Conservation Movements": {}
      },
      "Demonstration Rate": {},
      "Protest Rate": {},
      "Activism Frequency": {},
      "Civil Disobedience Frequency": {},
      "Uprising Incidence": {},
      "Rally Frequency": {},
      "Social Movement Rate": {},
      "Dissent Frequency": {},
      "Public Protest Occurrence": {},
      "Activist Mobilization Frequency": {},
      "Demonstration Incidence": {},
      "Protest Event Rate": {}
    },
    "Riot Occurrence": {
      "Urban Area Tension": {
        "Protests and Demonstrations": {},
        "Public Safety Concerns": {},
        "Community-police Relations": {},
        "Housing Unaffordability": {},
        "Infrastructure Strain": {},
        "City Stress": {},
        "Metropolitan Strain": {},
        "Urban Conflict": {},
        "Civic Tension": {},
        "Municipal Friction": {},
        "Citywide Anxiety": {},
        "Urban Discontent": {},
        "Metropolitan Pressure": {},
        "Community Strain": {},
        "Urban Discord": {},
        "Civic Unease": {},
        "City Tension": {},
        "Urban Strife": {},
        "Metropolitan Turmoil": {}
      },
      "Resource Access Disparity": {
        "Water Allocation Inequity": {},
        "Land Ownership Disparities": {},
        "Food Distribution Imbalances": {},
        "Mineral Resource Distribution Variance": {},
        "Timber Access Inequality": {},
        "Resource Inequality": {},
        "Access Gap": {},
        "Resource Distribution Discrepancy": {},
        "Access Disparity": {},
        "Resource Allocation Inequity": {},
        "Equity Gap": {},
        "Resource Accessibility Disparity": {},
        "Access Inequality": {},
        "Resource Availability Discrepancy": {},
        "Opportunity Gap": {},
        "Access Imbalance": {},
        "Resource Utilization Disparity": {},
        "Service Access Disparity": {},
        "Resource Divide": {}
      },
      "Cultural Clashes": {
        "Language Barriers": {},
        "Religious Tensions": {},
        "Ethnic Group Conflicts": {},
        "Cultural Assimilation Pressures": {},
        "Traditional Practices Resistance": {},
        "Cultural Conflicts": {},
        "Cultural Confrontations": {},
        "Cultural Disputes": {},
        "Cultural Differences": {},
        "Cultural Frictions": {},
        "Cultural Tensions": {},
        "Cultural Divergences": {},
        "Cross-Cultural Conflicts": {},
        "Intercultural Conflicts": {},
        "Ethnic Tensions": {},
        "Societal Frictions": {},
        "Cultural Misunderstandings": {},
        "Cultural Discrepancies": {}
      },
      "Socioeconomic Fractures": {
        "Income Inequality": {},
        "Employment Disparities": {},
        "Access to Education": {},
        "Healthcare Inequities": {},
        "Housing Affordability": {},
        "Digital Divide": {},
        "Economic Disparities": {},
        "Social Inequality": {},
        "Class Divisions": {},
        "Wealth Gaps": {},
        "Economic Segregation": {},
        "Social Stratification": {},
        "Poverty Lines": {},
        "Economic Disjunctions": {},
        "Social Fragmentation": {},
        "Financial Disparities": {},
        "Income Discrepancies": {},
        "Economic Polarization": {},
        "Societal Divisions": {}
      },
      "Political Dissent Levels": {
        "Protest Participation": {},
        "Public Disapproval Ratings": {},
        "Civil Disobedience Incidents": {},
        "Political Opposition Intensity": {},
        "Levels of Political Discontent": {},
        "Degree of Political Resistance": {},
        "Political Disagreement Magnitude": {},
        "Intensity of Political Dissent": {},
        "Political Unrest Levels": {},
        "Magnitude of Political Opposition": {},
        "Political Protest Levels": {},
        "Political Disaffection Scale": {},
        "Political Discord Intensity": {}
      },
      "Civil Unrest": {},
      "Public Disturbance": {},
      "Social Uprising": {},
      "Mob Violence": {},
      "Demonstration Gone Awry": {},
      "Insurrection": {},
      "Protest Escalation": {},
      "Tumult": {},
      "Rebellion": {},
      "Disorderly Conduct": {},
      "Civil Disobedience": {},
      "Chaotic Gathering": {}
    },
    "Public Demonstration Size": {
      "Number of Participants": {
        "Protester Attendance in Energy Policies": {},
        "Activist Mobilization in Ecosystem Protection": {},
        "Community Involvement in Energy Transition Debates": {},
        "Participant Count": {},
        "Total Participants": {},
        "Attendee Number": {},
        "Enrollment Figures": {},
        "Participation Level": {},
        "Participant Volume": {}
      },
      "Duration of Demonstrations": {
        "Consecutive Days of Demonstrations": {},
        "Hours Per Day of Active Protest": {},
        "Frequency of Multi-day Demonstrations in Period": {},
        "Length of Protests": {},
        "Time Frame of Demonstrations": {},
        "Period of Marches": {},
        "Duration of Rallies": {},
        "Span of Demonstrative Events": {},
        "Timeline of Public Demonstrations": {}
      },
      "Public Infrastructure Impact": {
        "Road and Transportation Blockages": {},
        "Public Transit Disruptions": {},
        "Utility and Energy Supply Interruptions": {},
        "Damage to Public Buildings": {},
        "Communication Network Outages": {},
        "Impact on Emergency Services": {},
        "Community Infrastructure Effect": {},
        "Public Works Influence": {},
        "Civic Infrastructure Impact": {},
        "Urban Development Effect": {},
        "Infrastructure Public Impact": {},
        "Social Infrastructure Outcome": {},
        "Public Facility Influence": {},
        "Community Development Impact": {},
        "Infrastructure Societal Effect": {},
        "Public Services Outcome": {},
        "Civic Development Influence": {},
        "Urban Infrastructure Effect": {},
        "Public Asset Impact": {},
        "Community Services Effect": {},
        "Infrastructure Accessibility Impact": {},
        "Public System Influence": {}
      },
      "Demonstration Funding Levels": {
        "Crowdfunding Contributions": {},
        "Nonprofit Organization Support": {},
        "Private Donor Investments": {},
        "Corporate Sponsorships": {},
        "Government Grant Allocations": {},
        "International Aid for Activism": {},
        "Pilot Funding Amounts": {},
        "Trial Funding Levels": {},
        "Demonstration Grant Sizes": {},
        "Prototype Funding Levels": {},
        "Test Funding Amounts": {},
        "Exhibition Funding Levels": {},
        "Showcase Funding Amounts": {},
        "Demonstration Financial Support": {},
        "Sample Funding Levels": {},
        "Demonstration Budget Allocations": {},
        "Trial Grant Amounts": {},
        "Exemplar Funding Levels": {},
        "Demonstration Project Funding": {},
        "Initial Funding Levels": {},
        "Pilot Program Funding": {},
        "Demonstration Investment Amounts": {}
      },
      "Protester Diversity": {
        "Ethnic Group Representation": {},
        "Socioeconomic Background Variability": {},
        "Demonstrator Variety": {},
        "Activist Representation": {},
        "Rally Inclusiveness": {},
        "Opposition Spectrum": {}
      },
      "Crowd Size": {},
      "Attendance Count": {},
      "Turnout": {},
      "Gathering Size": {},
      "Audience Size": {},
      "Demonstration Scale": {},
      "Event Size": {},
      "Public Assembly Size": {},
      "Mobilization Size": {},
      "Protest Size": {},
      "Rally Attendance": {},
      "Public Gathering Size": {},
      "Demonstration Attendance": {}
    },
    "Civil Disobedience Levels": {
      "Public Noncompliance Instances": {
        "Public Protests Against Energy Policies": {},
        "Unauthorized Urban Demonstrations": {},
        "Incidents of Civil Unrest in Natural Reserves": {},
        "Unlicensed Gatherings at Fossil Fuel Sites": {},
        "Instances of Road Blockades": {},
        "Unauthorized Environmental Advocacy Events": {},
        "Public Disobedience Cases": {},
        "Community Noncompliance Events": {},
        "Civic Disregard Incidents": {},
        "Social Noncompliance Examples": {},
        "Public Defiance Situations": {},
        "Collective Noncompliance Instances": {},
        "Civil Disobedience Cases": {},
        "Public Resistance Events": {},
        "Community Nonadherence Incidents": {},
        "Public Noncompliance Examples": {},
        "Civic Noncompliance Situations": {},
        "Social Defiance Cases": {},
        "Community Disobedience Instances": {},
        "Public Noncompliance Scenarios": {}
      },
      "Symbolic Acts of Resistance": {
        "Climate-Themed Art Installations": {},
        "Renewable Energy Protest Symbols": {},
        "Public Demonstrations Featuring Environmental Icons": {},
        "Symbolic Acts of Defiance": {},
        "Rituals of Protest": {},
        "Emblems of Rebellion": {},
        "Ceremonial Resistance": {},
        "Acts of Symbolic Rebellion": {},
        "Manifestations of Dissent": {}
      },
      "Boycotts on Energy Consumption": {
        "Public Support for Energy Boycotts": {},
        "Media Coverage of Energy Boycotts": {},
        "Frequency of Energy Boycott Participation": {},
        "Energy Consumption Bans": {},
        "Energy Usage Protests": {},
        "Energy Consumption Rejections": {},
        "Energy Usage Boycotts": {},
        "Protests Against Energy Consumption": {},
        "Energy Consumption Withdrawals": {}
      },
      "Nonviolent Occupations of Key Resources": {
        "Duration of Occupations": {},
        "Scope of Resources Occupied": {},
        "Frequency of Occupation Events": {},
        "Diversity of Participant Groups": {},
        "Peaceful Resource Control": {},
        "Nonviolent Resource Seizure": {},
        "Nonviolent Occupation of Assets": {},
        "Civil Disobedience for Resource Access": {},
        "Peaceful Resource Takeover": {},
        "Nonviolent Resource Management": {},
        "Passive Resistance for Resource Rights": {},
        "Nonviolent Claiming of Resources": {},
        "Peaceful Occupation of Essential Resources": {},
        "Nonviolent Assertion of Resource Ownership": {}
      },
      "Civil Disobedience Campaign Duration": {
        "Number of Participating Groups": {},
        "Frequency of Protest Events": {},
        "Geographic Spread of Activities": {},
        "Civil Resistance Period": {},
        "Nonviolent Protest Duration": {},
        "Social Movement Timeline": {},
        "Activism Campaign Length": {},
        "Demonstration Duration": {},
        "Resistance Effort Span": {},
        "Protest Action Period": {},
        "Civil Rights Campaign Timeline": {}
      },
      "Civil Resistance Levels": {},
      "Nonviolent Protest Tiers": {},
      "Disobedience Gradations": {},
      "Resistance Intensity Levels": {},
      "Protest Severity Categories": {},
      "Civil Noncompliance Scales": {},
      "Disobedience Spectrum": {},
      "Activism Levels": {},
      "Resistance Phases": {},
      "Social Dissent Levels": {}
    },
    "Intergroup Tension": {
      "Cultural Division Perception": {
        "Public Opinion Polarization": {},
        "Cross-Cultural Communication Barriers": {},
        "Cultural Representation in Media": {},
        "Historical Memory Conflicts": {},
        "Cultural Policy Disputes": {},
        "Cultural Segmentation Awareness": {},
        "Cultural Fragmentation Insight": {},
        "Cultural Disparity Recognition": {},
        "Cultural Differentiation Perception": {},
        "Cultural Division Awareness": {},
        "Cultural Separation Insight": {},
        "Cultural Diversity Perception": {},
        "Cultural Stratification Awareness": {},
        "Cultural Polarization Recognition": {},
        "Cultural Partition Insight": {},
        "Cultural Disunity Perception": {},
        "Cultural Boundary Awareness": {}
      },
      "Resource Access Disparities": {
        "Water Resource Allocation": {},
        "Land Ownership Distribution": {},
        "Access to Renewable Energy": {},
        "Availability of Fossil Fuels": {},
        "Distribution of Mineral Resources": {},
        "Resource Inequities": {},
        "Resource Distribution Gaps": {},
        "Access Disparities": {},
        "Resource Allocation Imbalances": {},
        "Inequitable Resource Access": {},
        "Access Deficiencies": {},
        "Resource Accessibility Gaps": {},
        "Disparities in Resource Availability": {},
        "Access Barriers": {}
      },
      "Identity Group Competition": {
        "Political Representation Disparity": {},
        "Social Cohesion Levels": {},
        "Cultural Recognition Claims": {},
        "Intergroup Trust": {},
        "Ethnic or Religious Segregation": {},
        "Historical Grievance Prevalence": {},
        "Social Group Rivalry": {},
        "Cultural Identity Contest": {},
        "Group Identity Conflict": {},
        "Collective Identity Competition": {},
        "Identity-Based Rivalry": {},
        "Ethnic Group Competition": {},
        "Factional Competition": {},
        "Community Identity Struggle": {},
        "In-group Competition": {},
        "Identity-Based Strife": {},
        "Social Identity Contest": {},
        "Group Identity Clash": {},
        "Cultural Rivalry": {},
        "Identity Group Struggle": {},
        "Collective Competition": {},
        "Social Identity Rivalry": {}
      },
      "Intergroup Conflict": {},
      "Group Friction": {},
      "Intergroup Strife": {},
      "Social Tension": {},
      "Group Hostility": {},
      "Intragroup Competition": {}
    },
    "Government Intervention Incidents": {
      "Law Enforcement Deployment": {
        "Police Personnel Allocation": {},
        "Emergency Response Units": {},
        "Riot Control Equipment Inventory": {},
        "Community Engagement Initiatives": {},
        "Surveillance Operations": {},
        "Patrol Frequency": {},
        "Specialized Task Forces": {},
        "Police Deployment": {},
        "Law Enforcement Assignment": {},
        "Police Operation": {},
        "Law Enforcement Mobilization": {},
        "Security Forces Deployment": {},
        "Police Presence": {},
        "Law Enforcement Action": {},
        "Police Staffing": {},
        "Law Enforcement Strategy": {},
        "Operational Readiness": {},
        "Tactical Deployment": {},
        "Law Enforcement Engagement": {},
        "Police Resource Allocation": {},
        "Public Safety Deployment": {},
        "Law Enforcement Coordination": {},
        "Police Field Operations": {}
      },
      "Curfew Implementation": {
        "Curfew Duration": {},
        "Curfew Compliance Rates": {},
        "Civil Unrest Incidents": {},
        "Curfew Enforcement": {},
        "Curfew Regulation": {},
        "Curfew Establishment": {},
        "Curfew Application": {},
        "Curfew Policy": {},
        "Curfew Mandate": {}
      },
      "State Involvement Events": {},
      "Public Sector Interventions": {},
      "Regulatory Action Instances": {},
      "Administrative Engagement Cases": {}
    },
    "Social Tension Level": {},
    "Conflict Severity": {},
    "Interpersonal Discord Intensity": {},
    "Social Friction Degree": {},
    "Dispute Intensity": {},
    "Conflict Magnitude": {},
    "Social Strife Level": {},
    "Hostility Intensity": {},
    "Disagreement Severity": {},
    "Social Discord Intensity": {},
    "Tension Magnitude": {},
    "Conflict Dynamics": {}
  }
}