{
  "Fish Population Metrics": {
    "Biomass Density": {
      "Algal Growth Proliferation": {
        "Phytoplankton Biomass": {},
        "Zooplankton Availability": {},
        "Algal Bloom Frequency": {},
        "Seasonal Algal Dominance": {},
        "Light Penetration Depth in Water": {},
        "Algal Species Diversity": {},
        "Algal Bloom": {},
        "Algal Expansion": {},
        "Algal Proliferation": {},
        "Phytoplankton Surge": {},
        "Algae Proliferation": {},
        "Aquatic Plant Growth": {},
        "Eutrophication": {},
        "Microalgae Growth": {},
        "Green Tide": {},
        "Blooming Algae": {},
        "Algal Proliferative Phase": {},
        "Rapid Algal Growth": {},
        "Algal Mass ": {},
        "Aquatic Algal Proliferation": {}
      },
      "Plankton Availability": {
        "Plankton Biomass Density": {},
        "Species Diversity of Plankton": {},
        "Seasonal Plankton Bloom Phenomena": {},
        "Zooplankton to Phytoplankton Ratio": {},
        "Plankton Composition Stability": {},
        "Vertical Distribution of Plankton": {},
        "Plankton Reproductive Rates": {},
        "Plankton Presence": {},
        "Plankton Abundance": {},
        "Plankton Supply": {},
        "Plankton Distribution": {},
        "Plankton Accessibility": {},
        "Plankton Population": {},
        "Plankton Resources": {},
        "Plankton Levels": {},
        "Plankton Concentration": {},
        "Plankton Occurrence": {},
        "Plankton Biomass": {},
        "Plankton Metrics": {},
        "Plankton Ecosystem Status": {},
        "Plankton Density": {},
        "Plankton Proliferation": {},
        "Plankton Availability Index": {}
      },
      "Water Temperature Variability": {
        "Fish Mortality Rates Related to Temperature Shifts": {},
        "Spawning Success in Variable Temperatures": {},
        "Water Temperature Fluctuation": {},
        "Thermal Variation in Water": {},
        "Water Temperature Changes": {},
        "Hydrological Temperature Variation": {}
      },
      "Habitat Structural Complexity": {
        "Reef Formation Density": {},
        "Seagrass Bed Coverage": {},
        "Mangrove Root Network Size": {},
        "Artificial Reef Structures": {},
        "Ecological Complexity": {},
        "Habitat Diversity": {},
        "Structural Diversity": {},
        "Environmental Complexity": {},
        "Habitat Architecture": {},
        "Spatial Complexity": {},
        "Biotic Structure": {},
        "Habitat Heterogeneity": {}
      },
      "Predator Population Dynamics": {
        "Predator Species Diversity": {},
        "Age Structure of Predatory Fish": {},
        "Predator Biomass": {},
        "Predator Reproductive Rates": {},
        "Predator Feeding Rates": {},
        "Predator Ecology": {},
        "Predator Abundance Fluctuations": {},
        "Predatory Species Dynamics": {},
        "Predator-Prey Interactions": {},
        "Population Ecology of Predators": {},
        "Predator Density Changes": {},
        "Predator Community Structure": {},
        "Predator Population Fluctuations": {},
        "Predator Life Cycle Dynamics": {},
        "Predator Population Trends": {},
        "Predator Species Interrelationships": {},
        "Dynamics of Predator Populations": {},
        "Predator Population Studies": {},
        "Predator Demographic Changes": {}
      },
      "Nutrient Level Concentration": {
        "Phosphorus Concentration": {},
        "Nitrogen Levels": {},
        "Dissolved Organic Carbon Amounts": {},
        "Silicate Availability": {},
        "Trace Metal Content": {},
        "Nutrient Density": {},
        "Nutrient Concentration": {},
        "Nutrient Content": {},
        "Nutrient Amount": {},
        "Nutrient Proportion": {},
        "Nutrient Quality": {},
        "Nutrient Load": {},
        "Nutrient Intensity": {},
        "Nutritional Value": {},
        "Nutrient Availability": {}
      },
      "Biomass Concentration": {},
      "Biomass Weight per Volume": {},
      "Biomass Mass Density": {},
      "Biomass Loading": {},
      "Biomass Compactness": {},
      "Biomass Yield Density": {},
      "Biomass Volume Ratio": {},
      "Biomass Mass per Unit Volume": {},
      "Biomass Distribution": {},
      "Biomass Density Index": {},
      "Biomass Packing Density": {},
      "Biomass Aggregation": {},
      "Biomass Concentration Factor": {},
      "Biomass Storage Density": {},
      "Biomass Saturation": {},
      "Biomass Intensity": {}
    },
    "Species Abundance": {
      "Habitat Utilization Rates": {
        "Seafloor Topography Usage": {},
        "Water Column Occupancy": {},
        "Artificial Structure Usage": {},
        "Migration Path Occupancy": {},
        "Reef Habitat Dependence": {},
        "Habitat Usage Rates": {},
        "Habitat Exploitation Levels": {},
        "Habitat Occupancy Rates": {},
        "Habitat Consumption Rates": {},
        "Habitat Engagement Levels": {},
        "Habitat Resource Utilization": {},
        "Habitat Activity Rates": {},
        "Habitat Preference Indices": {},
        "Habitat Use Efficiency": {},
        "Habitat Interaction Rates": {}
      },
      "Spawning Ground Availability": {
        "Spawning Habitat Area": {},
        "Water Quality in Spawning Zones": {},
        "Access Routes to Spawning Sites": {},
        "Breeding Habitat Accessibility": {},
        "Reproductive Site Availability": {},
        "Nesting Area Access": {},
        "Spawning Site Availability": {},
        "Fertility Ground Accessibility": {},
        "Egg Laying Habitat Availability": {}
      },
      "Juvenile Survival Rates": {
        "Predation Pressure Levels": {},
        "Water Temperature Sensitivity": {},
        "Habitat Disturbance Frequency": {},
        "Light Pollution Intensity": {},
        "Noise Pollution Levels": {},
        "Youth Survival Rates": {},
        "Young Survival Rates": {},
        "Offspring Survival Rates": {},
        "Fledgling Survival Rates": {},
        "Juvenile Mortality Rates": {},
        "Hatchling Survival Rates": {},
        "Immature Survival Rates": {},
        "Youngster Survival Rates": {},
        "Neonate Survival Rates": {},
        "Larval Survival Rates": {}
      },
      "Population Density": {},
      "Species Richness": {},
      "Biodiversity Levels": {},
      "Community Composition": {},
      "Organism Abundance": {},
      "Ecological Abundance": {}
    },
    "Age Structure Distribution": {
      "Average Age of Maturity": {
        "Growth Rate at Juvenile Stage": {},
        "Spawning Frequency": {},
        "Size at Maturity": {},
        "Nutritional Status": {},
        "Predator-Induced Mortality": {},
        "Mean Age of Maturity": {},
        "Typical Age of Maturity": {},
        "Standard Maturity Age": {},
        "Median Age of Maturity": {},
        "Common Age of Maturity": {},
        "Expected Age of Maturity": {},
        "Normal Age of Maturity": {},
        "Usual Age of Maturity": {},
        "General Age of Maturity": {},
        "Average Maturation Age": {},
        "Average Development Age": {},
        "Typical Maturation Age": {}
      },
      "Age Class Dominance": {
        "Proportion of Adult Fish": {},
        "Recruitment Success Rate": {},
        "Age Distribution Variability": {},
        "Age-Specific Growth Rates": {},
        "Age Group Prevalence": {},
        "Age Category Dominance": {},
        "Age Class Supremacy": {},
        "Age Range Dominance": {},
        "Age Cohort Dominance": {},
        "Age Class Authority": {},
        "Age Group Dominance": {},
        "Age Stratification Dominance": {},
        "Demographic Age Dominance": {},
        "Age Class Leadership": {}
      },
      "Juvenile Proportion": {
        "Juvenile Survival Rate": {},
        "Recruitment Rates": {},
        "Juvenile Habitat Occupancy": {},
        "Juvenile Growth Rates": {},
        "Youth Ratio": {},
        "Young Population Share": {},
        "Minor Segment": {},
        "Adolescent Fraction": {},
        "Child Demographic": {},
        "Juvenile Share": {},
        "Youthful Component": {},
        "Underage Proportion": {}
      },
      "Population Age Distribution": {},
      "Demographic Age Structure": {},
      "Age Composition": {},
      "Age Category Distribution": {},
      "Age Group Breakdown": {},
      "Age Profile Distribution": {}
    },
    "Reproductive Rates": {
      "Egg Viability": {
        "Hatching Success Rate": {},
        "Embryo Mortality Rate": {},
        "Developmental Abnormalities": {},
        "Egg Size Variability": {},
        "Egg Density": {},
        "Egg Fertility": {},
        "Oocyte Viability": {},
        "Egg Health": {},
        "Embryo Viability": {},
        "Reproductive Potential": {},
        "Ovum Viability": {},
        "Egg Quality": {},
        "Fertilization Potential": {},
        "Oocyte Quality": {},
        "Egg Development Capacity": {},
        "Embryonic Viability": {},
        "Gamete Viability": {},
        "Egg Life Span": {},
        "Ovarian Function": {}
      },
      "Fertility Rates": {},
      "Birth Rates": {},
      "Reproduction Rates": {},
      "Procreation Rates": {}
    },
    "Species Diversity Index": {
      "Rare Species Count": {
        "Number of Offspring Produced": {},
        "Range of Habitat Occupied": {},
        "Incidence of Disease in Population": {},
        "Survival Rates of Juveniles": {},
        "Endangered Species Tally": {},
        "Uncommon Species Enumeration": {},
        "Scarce Species Inventory": {},
        "Limited Species Assessment": {},
        "Unique Species Count": {},
        "Infrequent Species Listing": {},
        "Threatened Species Count": {},
        "Biodiversity Assessment": {},
        "Vulnerable Species Register": {},
        "Specialized Species Survey": {}
      },
      "Genetic Variation within Fish Species": {
        "Allele Frequency Diversity": {},
        "Gene Flow Rates": {},
        "Genetic Diversity in Fish Populations": {},
        "Allelic Variation among Fish Species": {},
        "Genetic Heterogeneity in Fish": {},
        "Genomic Variation within Fish Taxa": {}
      },
      "Biodiversity Index": {},
      "Species Richness Index": {},
      "Ecological Diversity Index": {},
      "Biological Diversity Measure": {}
    },
    "Recruitment Levels": {
      "Juvenile Settlement Density": {
        "Juvenile Habitat Coverage": {},
        "Settlement Success Rate": {},
        "Food Availability at Settlement Sites": {},
        "Water Quality Parameters affecting Juveniles": {},
        "Juvenile Predator Abundance": {},
        "Light Pollution Levels affecting Settlements": {},
        "Young Population Concentration": {},
        "Youth Settlement Density": {},
        "Juvenile Population Distribution": {},
        "Adolescent Density": {},
        "Minor Settlement Intensity": {},
        "Youth Demographic Density": {},
        "Child Population Density": {},
        "Juvenile Habitat Concentration": {},
        "Young Resident Density": {},
        "Youth Settlement Intensity": {},
        "Juvenile Community Density": {},
        "Minor Population Concentration": {},
        "Adolescent Settlement Density": {},
        "Juvenile Demographic Concentration": {},
        "Youth Habitat Density": {},
        "Child Settlement Concentration": {}
      },
      "Offshore Habitat Suitability": {
        "Water Temperature Range": {},
        "Habitat Complexity": {},
        "Oxygen Levels": {},
        "Sediment Composition": {},
        "Substrate Availability": {},
        "Current Flow Speed": {},
        "Marine Habitat Viability": {},
        "Coastal Ecosystem Suitability": {},
        "Oceanic Habitat Assessment": {},
        "Offshore Ecosystem Compatibility": {},
        "Marine Environment Suitability": {},
        "Aquatic Habitat Potential": {},
        "Offshore Biodiversity Assessment": {},
        "Marine Habitat Favorability": {},
        "Coastal Habitat Evaluation": {},
        "Ocean Habitat Suitability": {},
        "Offshore Ecological Suitability": {},
        "Marine Life Habitat Assessment": {},
        "Seaside Habitat Potential": {},
        "Offshore Environmental Suitability": {}
      },
      "Nutrient Availability from Turbines": {
        "Benthic Algae Growth": {},
        "Zooplankton Abundance": {},
        "Detritus Distribution": {},
        "Nutrient Gradient Consistency": {},
        "Nutrient Accessibility from Turbines": {},
        "Nutrient Release from Turbine Systems": {},
        "Nutrient Supply via Turbines": {},
        "Turbine Nutrient Output": {},
        "Nutrient Provision from Turbines": {},
        "Turbine-Generated Nutrient Sources": {},
        "Nutrient Distribution from Turbines": {},
        "Turbine Nutrient Efficiency": {},
        "Nutrient Yield from Turbine Operations": {},
        "Turbine-Enabled Nutrient Access": {}
      },
      "Predation Pressure Variability": {
        "Predation Rate on Juvenile Fish": {},
        "Fluctuations in Predation Pressure": {},
        "Variability in Predator Impact": {},
        "Changes in Predation Intensity": {},
        "Predation Rate Variability": {},
        "Diversity in Predation Pressure": {},
        "Temporal Variation in Predator Effects": {}
      },
      "Hydrodynamic Conditions Impact": {
        "Turbidity Levels Around Turbines": {},
        "Water Temperature Variability Near Structures": {},
        "Current Speed Alterations Affecting Fish Schooling": {},
        "Hydrodynamic Effects": {},
        "Fluid Dynamics Influence": {},
        "Water Flow Conditions Impact": {},
        "Hydraulic Environment Effects": {},
        "Fluid Mechanics Impact": {},
        "Current Dynamics Influence": {}
      },
      "Hiring Tiers": {},
      "Staffing Levels": {},
      "Talent Acquisition Stages": {},
      "Recruitment Phases": {},
      "Employment Levels": {},
      "Candidate Levels": {},
      "Hiring Categories": {},
      "Recruitment Grades": {},
      "Staffing Stages": {},
      "Talent Sourcing Levels": {},
      "Employment Tiers": {},
      "Candidate Stages": {},
      "Recruitment Strata": {},
      "Hiring Levels": {},
      "Talent Acquisition Levels": {},
      "Employment Categories": {}
    },
    "Growth Rate Metrics": {
      "Growth Rate Variability Due to Habitat Changes": {
        "Nursery Habitat Integrity": {},
        "Predation Pressure": {},
        "Water Temperature Compatibility": {},
        "Fluctuations in Growth Rate from Habitat Alterations": {},
        "Variability in Growth Rates Caused by Environmental Changes": {},
        "Growth Rate Instability Linked to Habitat Modification": {},
        "Changes in Growth Rate Due to Ecosystem Shifts": {},
        "Growth Rate Discrepancies from Habitat Transformation": {},
        "Variations in Growth Rates Resulting from Habitat Dynamics": {},
        "Growth Rate Changes Induced by Habitat Adaptations": {},
        "Inconsistencies in Growth Rates Due to Habitat Factors": {},
        "Growth Rate Differences Associated with Habitat Changes": {},
        "Growth Rate Variations Driven by Environmental Adjustments": {},
        "Impact of Habitat Changes on Growth Rate Fluctuations": {},
        "Growth Rate Diversity Stemming from Habitat Alterations": {}
      },
      "Growth Performance Relative to Food Availability": {
        "Forage Fish Biomass": {},
        "Nutritional Quality of Prey Species": {},
        "Feeding Efficiency": {},
        "Prey Distribution Variability": {},
        "Nutritional Growth Efficiency": {},
        "Food-Driven Growth Metrics": {},
        "Growth Capacity Based on Food Supply": {},
        "Growth Performance in Relation to Nutrient Access": {},
        "Food Resource Growth Assessment": {},
        "Nutrient Availability Growth Evaluation": {},
        "Growth Output Relative to Food Resources": {},
        "Food Supply Growth Effectiveness": {},
        "Growth Rate Based on Food Accessibility": {},
        "Nutritional Resource Growth Performance": {},
        "Growth Potential in Context of Food Availability": {},
        "Food-Dependent Growth Measurement": {},
        "Growth Achievement Relative to Nutritional Supply": {},
        "Growth Dynamics Linked to Food Provision": {}
      },
      "Growth Measurement Indicators": {},
      "Expansion Rate Metrics": {},
      "Development Rate Statistics": {},
      "Progress Rate Indicators": {}
    },
    "Fish Stock Assessment": {},
    "Aquatic Population Data": {},
    "Fishery Metrics": {},
    "Ichthyological Population Statistics": {},
    "Fish Abundance Measurements": {},
    "Fish Census Data": {},
    "Aquatic Biomass Metrics": {},
    "Fish Density Estimates": {},
    "Population Dynamics of Fish": {},
    "Fishery Resource Indicators": {},
    "Fish Population Estimates": {},
    "Aquatic Species Metrics": {},
    "Fish Community Analysis": {},
    "Fish Population Monitoring": {},
    "Fishery Sustainability Metrics": {},
    "Fish Habitat Assessment": {}
  },
  "Fishing Effort & Utilization": {
    "Vessel Activity Levels": {
      "Number of Fishing Vessels in Operation": {
        "Vessel Capacity Utilization Rate": {},
        "Number of New Vessel Registrations": {},
        "Percentage of Vessels Equipped with Alternative Energy Technologies": {},
        "Ratio of Operational Vessels to Total Fleet": {},
        "Proportion of Vessels Operating in Renewable Energy Zones": {},
        "Active Fishing Fleets": {},
        "Operational Fishing Boats": {},
        "Fishing Vessel Count": {},
        "Fishing Craft in Service": {},
        "Fishing Boat Inventory": {},
        "Current Fishing Vessel Total": {},
        "Fishing Fleet Strength": {},
        "Number of Active Fishing Crafts": {},
        "Operational Fishing Craft": {},
        "Total Fishing Vessels at Sea": {}
      },
      "Average Distance Traveled per Fishing Expedition": {
        "Extent of Fish Stock Displacement due to Offshore Energy Projects": {},
        "Proximity of Fishing Zones to Renewable Energy Installations": {},
        "Mean Distance Covered per Fishing Trip": {},
        "Typical Distance Traveled per Fishing Voyage": {},
        "Average Journey Length per Fishing Outing": {},
        "Standard Distance Navigated per Fishing Expedition": {}
      },
      "Vessel Fuel Consumption": {
        "Efficiency of Fuel Usage in Vessel Engines": {},
        "Amount of Fuel Reserved for Backup Generators": {},
        "Marine Fuel Usage": {},
        "Ship Fuel Efficiency": {},
        "Vessel Energy Consumption": {},
        "Marine Fuel Expenditure": {}
      },
      "Frequency of Vessel Departures": {
        "Fishing Trip Scheduling Variability": {},
        "Impact of Offshore Energy Zones on Fishing Routes": {},
        "Changes in Fishing Gear Deployment Frequency": {},
        "Alteration in Fishing Operation Timing": {},
        "Adjustment in Crew Shifts for Fishing Operations": {},
        "Displacement Effect on Local Fishing Grounds": {},
        "Vessel Departure Rate": {},
        "Frequency of Ship Departures": {},
        "Departure Frequency of Vessels": {},
        "Ship Departure Schedule": {},
        "Vessel Sailing Frequency": {},
        "Rate of Vessel Departures": {},
        "Ship Departure Interval": {},
        "Vessel Departure Cadence": {},
        "Frequency of Ship Sailings": {},
        "Vessel Departure Timeline": {},
        "Ship Departure Rhythm": {},
        "Vessel Launch Frequency": {},
        "Departure Rate of Ships": {},
        "Vessel Schedule Frequency": {},
        "Ship Departure Frequency": {},
        "Vessel Timetable": {}
      },
      "Duration of Vessel Idle Time in Port": {
        "Onboard Equipment Retrofit Duration": {},
        "Crew Downtime Hours": {},
        "Vessel Maintenance Time in Port": {},
        "Port Idle Time": {},
        "Vessel Laytime": {},
        "Docking Idle Duration": {},
        "Berth Occupancy Time": {},
        "Time at Anchor": {},
        "Vessel Waiting Period": {}
      },
      "Ship Traffic Volume": {},
      "Marine Vessel Operations": {},
      "Boat Activity Metrics": {},
      "Nautical Movement Rates": {},
      "Maritime Traffic Levels": {},
      "Vessel Operations Intensity": {},
      "Shipping Activity Indicators": {},
      "Fleet Activity Rates": {},
      "Harbor Traffic Levels": {},
      "Watercraft Activity Statistics": {}
    },
    "Fishing Gear Deployment": {
      "Number of Nets Deployed": {
        "Density of Nets in Fishing Areas": {},
        "Variety of Net Types Used": {},
        "Duration of Time Nets are Deployed": {},
        "Nets Requiring Maintenance": {},
        "Proximity of Nets to Offshore Energy Sites": {},
        "Count of Nets Used": {},
        "Total Nets Set Up": {},
        "Quantity of Nets Installed": {},
        "Nets in Operation": {},
        "Nets Activated": {},
        "Nets in Place": {},
        "Nets Utilized": {},
        "Total Nets Laid Out": {},
        "Deployment Count of Nets": {},
        "Nets Currently Deployed": {},
        "Nets Allocated": {},
        "Nets Employed": {},
        "Nets Distributed": {},
        "Nets Engaged": {},
        "Nets Available": {},
        "Nets Set in Position": {}
      },
      "Length of Longlines Set": {
        "Number of Hooks Used on Longlines": {},
        "Duration of Longline Set": {},
        "Distance Longlines Cover": {},
        "Bait Quantity on Longlines": {},
        "Longline Length": {},
        "Set Length of Longlines": {},
        "Longline Deployment Length": {},
        "Distance of Longlines": {},
        "Longline Stretch": {},
        "Longline Span": {},
        "Total Length of Longlines": {},
        "Longline Configuration Length": {}
      },
      "Quantity of Fishing Traps Used": {
        "Number of Trap Retrievals": {},
        "Duration Traps Remain in Water": {},
        "Distance Covered by Trap Deployment": {},
        "Trap Mesh Size Variability": {},
        "Trap Distribution Across Depths": {},
        "Number of Fishing Traps Deployed": {},
        "Total Fishing Traps Utilized": {},
        "Count of Fishing Traps Employed": {},
        "Amount of Fishing Traps Set": {},
        "Volume of Fishing Traps Operated": {},
        "Total Number of Traps Used": {},
        "Fishing Trap Inventory": {},
        "Fishing Trap Count": {},
        "Fishing Trap Usage": {},
        "Fishing Trap Deployment Quantity": {}
      },
      "Frequency of Trawl Operations": {
        "Number of Trawl Trips per Month": {},
        "Duration of Trawl Operations": {},
        "Crew Size on Trawling Vessels": {},
        "Trawl Operation Frequency": {},
        "Trawl Activity Rate": {},
        "Trawling Frequency": {},
        "Rate of Trawl Activities": {},
        "Trawl Operation Interval": {},
        "Frequency of Fishing Trawls": {}
      },
      "Area Covered by Dredge Gear": {
        "Extent of Benthic Habitat Disturbance": {},
        "Duration of Dredge Gear Usage": {},
        "Spatial Overlap with Sensitive Marine Areas": {},
        "Sediment Resuspension Area": {},
        "Sediment Composition in Dredge Zones": {},
        "Distance from Shoreline Covered by Dredge Gear": {},
        "Dredging Zone": {},
        "Dredge Footprint": {},
        "Dredge Area": {},
        "Dredging Region": {},
        "Dredged Surface": {},
        "Dredge Coverage": {},
        "Dredge Site": {},
        "Excavation Area": {},
        "Dredging Extent": {},
        "Dredging Boundaries": {},
        "Dredging Terrain": {},
        "Dredge Influence Zone": {},
        "Dredge Working Area": {},
        "Dredging Field": {},
        "Dredge Operational Area": {},
        "Dredging Coverage": {}
      },
      "Depth of Gear Deployment": {
        "Depth of Trawl Nets": {},
        "Depth of Hook and Line Gear": {},
        "Depth of Pot and Trap Gear": {},
        "Depth of Purse Seine Deployment": {},
        "Depth of Gillnet Placement": {},
        "Depth of Drift Net Suspension": {},
        "Gear Deployment Intensity": {},
        "Level of Gear Utilization": {},
        "Extent of Gear Application": {},
        "Gear Usage Depth": {},
        "Degree of Gear Engagement": {},
        "Scope of Gear Implementation": {},
        "Gear Deployment Range": {},
        "Magnitude of Gear Usage": {},
        "Breadth of Gear Activation": {},
        "Scale of Gear Operation": {},
        "Intensity of Gear Distribution": {},
        "Gear Deployment Extent": {},
        "Range of Gear Functionality": {},
        "Depth of Gear Utilization": {},
        "Gear Engagement Level": {},
        "Comprehensiveness of Gear Deployment": {}
      },
      "Fishing Equipment Setup": {},
      "Angling Gear Arrangement": {},
      "Tackle Deployment": {},
      "Fishing Tools Installation": {},
      "Rod and Reel Setup": {},
      "Fishing Apparatus Launch": {},
      "Gear Placement for Fishing": {},
      "Angling Equipment Deployment": {},
      "Fishing Gear Setup": {},
      "Tackle Arrangement": {},
      "Fishing Equipment Launch": {},
      "Bait and Tackle Setup": {},
      "Fishing Gear Configuration": {},
      "Angling Tools Deployment": {},
      "Fishing Gear Distribution": {},
      "Fishing Equipment Positioning": {}
    },
    "Fishing Trip Duration": {
      "Offshore Travel Time": {
        "Distance to Fishing Grounds": {},
        "Speed of Fishing Vessels": {},
        "Number of Navigational Obstacles": {},
        "Fuel Consumption During Transit": {},
        "Wave Height and Sea Conditions": {},
        "Accessibility of Docking Facilities": {},
        "Maritime Transit Duration": {},
        "Sea Journey Time": {},
        "Oceanic Travel Duration": {},
        "Coastal Voyage Time": {},
        "Nautical Travel Period": {},
        "Marine Travel Time": {},
        "Offshore Transit Duration": {},
        "Waterborne Travel Time": {},
        "Aquatic Journey Duration": {},
        "Seafaring Travel Time": {},
        "Offshore Journey Duration": {},
        "Ocean Travel Time": {},
        "Offshore Passage Time": {},
        "Nautical Passage Duration": {},
        "Maritime Travel Time": {},
        "Sea Crossing Duration": {}
      },
      "Time Spent in Fishing Zones": {
        "Vessel Operating Hours in Restricted Zones": {},
        "Fishing Hours in High-yield Areas": {},
        "Duration of Fishing Gear Deployment": {},
        "Time Allocation in Multispecies Fishing Grounds": {},
        "Duration in Fishing Areas": {},
        "Time Allocated to Fishing Regions": {},
        "Hours in Fishing Locations": {},
        "Fishing Zone Engagement Time": {},
        "Period in Aquatic Harvesting Zones": {},
        "Time Invested in Fishing Grounds": {},
        "Duration in Angling Areas": {},
        "Time in Fishing Territories": {},
        "Hours Spent in Fishing Waters": {},
        "Engagement Time in Fishing Spots": {},
        "Time in Recreational Fishing Zones": {},
        "Fishing Area Occupancy Time": {}
      },
      "Duration of Onboard Energy Equipment Use": {
        "Fuel Consumption Rates of Onboard Generators": {},
        "Battery Life Utilization of Onboard Electronics": {},
        "Operational Hours of Hydraulics Systems": {},
        "Duration of Use for Onboard Refrigeration": {},
        "Longevity of Navigation Systems Deployment": {},
        "Operational Time of Energy Equipment": {},
        "Energy Equipment Usage Period": {},
        "Onboard Energy Equipment Active Duration": {},
        "Energy Equipment Utilization Timeframe": {},
        "Time Span of Energy Equipment Operation": {},
        "Active Use Duration of Energy Systems": {},
        "Onboard Energy Equipment Function Time": {},
        "Period of Energy Equipment Engagement": {},
        "Duration of Energy System Utilization": {},
        "Time Interval of Equipment Operation": {},
        "Length of Energy Equipment Activity": {},
        "Energy Equipment Running Time": {},
        "Onboard Energy Equipment Service Duration": {},
        "Time of Energy Equipment Deployment": {}
      },
      "Time Delays due to Offshore Energy Infrastructure": {
        "Queue Time at Dock for Vessel Loading": {},
        "Offshore Route Length for Navigational Detours": {},
        "Waiting Period for Energy Infrastructure Transit Permissions": {},
        "Duration of Equipment Checks for Safety Compliance": {},
        "Time Allocated to Energy Structure Avoidance Maneuvers": {},
        "Offshore Energy Project Delays": {},
        "Marine Infrastructure Time Lags": {},
        "Offshore Development Delays": {},
        "Energy Infrastructure Delays": {},
        "Marine Energy Project Hold-ups": {},
        "Offshore Construction Delays": {},
        "Energy Project Time Extensions": {},
        "Delayed Offshore Energy Operations": {},
        "Infrastructure Delay in Offshore Energy": {},
        "Time Setbacks in Marine Energy Projects": {},
        "Offshore Infrastructure Completion Delays": {},
        "Energy Development Time Deferrals": {}
      },
      "Fishing Expedition Length": {},
      "Angling Trip Duration": {},
      "Fishing Outing Timeframe": {},
      "Fishing Voyage Duration": {},
      "Fishing Adventure Length": {},
      "Angling Journey Duration": {},
      "Fishing Tour Length": {},
      "Fishing Session Duration": {}
    },
    "Catch Volume Utilization": {
      "Proportion of Catch Processed Onboard": {
        "Onboard Processing Equipment Capacity": {},
        "Energy Consumption for Onboard Processing": {},
        "Onboard Processing Ratio": {},
        "Catch Processing Proportion": {},
        "Percentage of Catch Processed at Sea": {},
        "Proportion of Onboard Fish Processing": {}
      },
      "Catch Storage Capacity Utilization": {
        "Refrigeration Storage Capacity": {},
        "Freezer Space Allocation": {},
        "Chilled Storage Usage": {},
        "Catch Storage Efficiency": {},
        "Storage Capacity Usage": {},
        "Catch Capacity Utilization Rate": {},
        "Storage Utilization Metrics": {},
        "Catch Storage Optimization": {},
        "Capacity Usage Analysis": {}
      },
      "Bycatch Utilization Rate": {
        "Bycatch Composition Diversity": {},
        "Alternative Bycatch Processing Methods": {},
        "Bycatch Handling Efficiency": {},
        "Market Demand for Bycatch Products": {},
        "Bycatch Recovery Rate": {},
        "Bycatch Management Efficiency": {},
        "Bycatch Utilization Efficiency": {},
        "Bycatch Conversion Rate": {},
        "Bycatch Yield Rate": {},
        "Bycatch Processing Rate": {},
        "Bycatch Resource Utilization": {},
        "Bycatch Value Extraction Rate": {}
      },
      "Capture Volume Efficiency": {},
      "Volume Utilization Rate": {},
      "Catch Efficiency Ratio": {},
      "Harvest Volume Utilization": {},
      "Collection Volume Effectiveness": {},
      "Volume Capture Optimization": {}
    },
    "Fishing Activity": {},
    "Fishing Intensity": {},
    "Fishing Exertion": {},
    "Fishing Engagement": {},
    "Fishing Operations": {},
    "Fishing Workload": {},
    "Fishing Utilization Rate": {},
    "Fishing Resources Usage": {},
    "Fishing Labor": {},
    "Fishing Capacity": {},
    "Fishing Output": {},
    "Fishing Productivity": {},
    "Fishing Harvesting Effort": {},
    "Fishing Time Investment": {}
  },
  "Governance Effectiveness & Stakeholder Engagement": {
    "Degree of Stakeholder Representation": {
      "Diversity of Represented Stakeholders": {
        "Number of Stakeholder Demographics": {},
        "Variety of Cultural Perspectives": {},
        "Range of Industry Sectors Represented": {},
        "Levels of Stakeholder Influence": {},
        "Breadth of Geographic Representation": {},
        "Variety of Stakeholder Representation": {},
        "Multiplicity of Stakeholder Voices": {},
        "Range of Involved Parties": {},
        "Inclusivity of Stakeholder Groups": {},
        "Spectrum of Represented Interests": {},
        "Diverse Stakeholder Participation": {},
        "Assorted Stakeholder Perspectives": {},
        "Broad Representation of Stakeholders": {},
        "Heterogeneity of Stakeholder Involvement": {},
        "Eclectic Stakeholder Representation": {},
        "Varied Stakeholder Engagement": {},
        "Wide Array of Stakeholder Opinions": {},
        "Diverse Range of Stakeholder Input": {},
        "Comprehensive Stakeholder Representation": {}
      },
      "Participation Level in Decision-Making Meetings": {
        "Number of Attendees": {},
        "Diversity of Sector Representation": {},
        "Duration of Meetings": {},
        "Frequency of Participant Contributions": {},
        "Level of Access to Meeting Resources": {},
        "Engagement in Decision-Making Sessions": {},
        "Involvement in Decision Meetings": {},
        "Contribution to Decision-Making Processes": {},
        "Role in Decision-Making Gatherings": {},
        "Input in Strategic Meetings": {},
        "Attendance in Decision-Making Forums": {},
        "Collaboration in Decision Sessions": {},
        "Presence in Decision-Making Discussions": {},
        "Influence in Decision-Making Assemblies": {},
        "Active Role in Decision Meetings": {},
        "Engagement in Strategic Discussions": {},
        "Participation in Governance Meetings": {}
      },
      "Frequency of Stakeholder Consultations": {
        "Number of Offshore Energy Consultation Meetings": {},
        "Variety of Stakeholder Groups Engaged in Energy Discussions": {},
        "Frequency of Workshops on Energy-Fishery Interactions": {},
        "Number of Public Comment Opportunities on Energy Projects": {},
        "Regularity of Joint Energy-Fisheries Panel Sessions": {},
        "Extent of Indigenous Community Consultations in Energy Planning": {},
        "Stakeholder Engagement Rate": {},
        "Consultation Frequency": {},
        "Stakeholder Interaction Frequency": {},
        "Engagement Frequency": {},
        "Consultation Rate": {},
        "Stakeholder Meeting Frequency": {},
        "Frequency of Stakeholder Meetings": {},
        "Stakeholder Communication Frequency": {},
        "Consultation Interval": {},
        "Stakeholder Dialogue Frequency": {},
        "Engagement Interval": {},
        "Stakeholder Feedback Frequency": {},
        "Consultation Engagement Rate": {},
        "Stakeholder Involvement Frequency": {}
      },
      "Responsiveness to Stakeholder Feedback": {
        "Adaptation of Offshore Energy Policies": {},
        "Inclusion of Fisheries Concerns in Impact Assessments": {},
        "Stakeholder Engagement": {},
        "Feedback Adaptability": {},
        "Stakeholder Responsiveness": {},
        "Feedback Incorporation": {}
      },
      "Number of Stakeholder Advisory Committees": {
        "Membership Diversity within Stakeholder Committees": {},
        "Frequency of Meetings Held by Stakeholder Committees": {},
        "Geographic Coverage of Stakeholder Committees": {},
        "Resources Allocated to Stakeholder Committees": {},
        "Extent of Collaboration with Offshore Energy Experts": {},
        "Count of Stakeholder Advisory Groups": {},
        "Total Stakeholder Advisory Panels": {},
        "Quantity of Stakeholder Consultation Committees": {},
        "Number of Advisory Committees for Stakeholders": {},
        "Total Stakeholder Advisory Boards": {},
        "Count of Stakeholder Engagement Committees": {},
        "Number of Stakeholder Advisory Councils": {},
        "Total Stakeholder Advisory Task Forces": {},
        "Quantity of Stakeholder Advisory Teams": {},
        "Count of Stakeholder Feedback Committees": {}
      },
      "Level of Stakeholder Involvement": {},
      "Extent of Stakeholder Engagement": {},
      "Degree of Stakeholder Participation": {},
      "Magnitude of Stakeholder Inclusion": {},
      "Proportion of Stakeholder Representation": {},
      "Scope of Stakeholder Advocacy": {},
      "Measure of Stakeholder Influence": {},
      "Depth of Stakeholder Voice": {},
      "Amount of Stakeholder Contribution": {},
      "Ratio of Stakeholder Representation": {}
    },
    "Quality of Policy Implementation": {
      "Regulatory Compliance Levels": {
        "Permit Issuance Rate": {},
        "Inspection Frequency": {},
        "Violation Reporting Incidents": {},
        "Penalty Enforcement Strength": {},
        "Stakeholder Compliance Participation": {},
        "Compliance Standards": {},
        "Regulatory Adherence Levels": {},
        "Compliance Protocols": {},
        "Regulatory Frameworks": {},
        "Conformity Levels": {},
        "Compliance Requirements": {},
        "Regulatory Compliance Standards": {},
        "Adherence Metrics": {},
        "Compliance Benchmarks": {},
        "Regulatory Guidelines": {},
        "Compliance Assessment Levels": {},
        "Regulatory Obligation Levels": {},
        "Compliance Evaluation Metrics": {},
        "Governance Compliance Levels": {}
      },
      "Monitoring and Evaluation Scope": {
        "Monitoring Frequency of Impact Assessments": {},
        "Stakeholder Representation Diversity in Evaluations": {},
        "Breadth of Data Sources Utilized in Impact Reports": {},
        "Coverage of Impact Metrics on Local Fisheries": {},
        "Extent of Independent Audits Conducted": {},
        "Assessment Framework": {},
        "Performance Measurement": {},
        "Evaluation Parameters": {},
        "Monitoring Criteria": {},
        "Impact Assessment Scope": {},
        "Review and Analysis Framework": {},
        "Oversight and Evaluation Scope": {},
        "Data Collection Framework": {},
        "Outcome Measurement Scope": {},
        "Program Evaluation Guidelines": {}
      },
      "Adaptability of Policy Frameworks": {
        "Integration of Renewable Energy Policies": {},
        "Capacity for Cross-Sector Collaboration": {},
        "Adaptation of Marine Spatial Planning": {},
        "Flexibility in Response to Technological Advancements": {},
        "Inclusion of Indigenous Knowledge Systems": {},
        "Policy Flexibility": {},
        "Framework Agility": {},
        "Regulatory Adaptability": {},
        "Policy Resilience": {},
        "Framework Modifiability": {},
        "Policy Versatility": {},
        "Regulatory Fluidity": {},
        "Framework Adjustability": {},
        "Policy Responsiveness": {},
        "Regulatory Dynamism": {},
        "Framework Transformability": {},
        "Policy Evolution": {}
      },
      "Stakeholder Feedback Mechanism Efficiency": {
        "Timeliness of Stakeholder Responses": {},
        "Diversity of Stakeholder Participation": {},
        "Clarity of Feedback Channels": {},
        "Accessibility of Feedback Mechanisms": {},
        "Integration of Feedback into Decision Making": {},
        "Stakeholder Input System Effectiveness": {},
        "Participant Feedback Process Efficiency": {},
        "Engagement Response Mechanism Optimization": {},
        "Contributor Feedback Loop Efficiency": {},
        "Stakeholder Response System Effectiveness": {},
        "Feedback Collection Mechanism Efficiency": {},
        "Stakeholder Engagement Feedback Effectiveness": {},
        "Participant Input Mechanism Efficiency": {},
        "Engagement Feedback System Optimization": {},
        "Stakeholder Communication Process Efficiency": {},
        "Input Gathering Mechanism Effectiveness": {},
        "Stakeholder Review Process Efficiency": {},
        "Feedback Management System Effectiveness": {},
        "Stakeholder Consultation Efficiency": {}
      },
      "Resource Allocation for Policy Enforcement": {
        "Budget Distribution for Enforcement Agencies": {},
        "Personnel Allocation for Regulation Oversight": {},
        "Training Programs for Enforcement Staff": {},
        "Community Engagement Funding for Compliance Education": {},
        "Resource Distribution for Policy Implementation": {},
        "Asset Allocation for Regulatory Enforcement": {},
        "Resource Assignment for Policy Compliance": {},
        "Resource Management for Policy Enforcement": {},
        "Resource Deployment for Regulatory Measures": {},
        "Resource Planning for Policy Execution": {},
        "Resource Utilization for Governance Enforcement": {},
        "Resource Designation for Policy Administration": {}
      },
      "Effectiveness of Policy Execution": {},
      "Standard of Policy Application": {},
      "Level of Policy Enforcement": {},
      "Efficiency of Policy Deployment": {},
      "Integrity of Policy Implementation": {},
      "Adherence to Policy Guidelines": {},
      "Success of Policy Implementation": {},
      "Robustness of Policy Execution": {},
      "Consistency in Policy Application": {},
      "Quality Assurance in Policy Implementation": {}
    },
    "Transparency in Decision-Making Processes": {
      "Clarity of Communication Channels": {
        "Consistency of Terminology in Documentation": {},
        "Transparency Level of Interagency Correspondence": {},
        "Directness of Communication Flow Among Stakeholders": {},
        "Clarity of Technical Guidelines Explanation": {},
        "Understandability of Strategic Goals Communication": {},
        "Precision in Policy Language Used": {},
        "Conciseness of Stakeholder Briefing Materials": {},
        "Accessibility of Jargon-Free Explanations": {},
        "Transparency in Communication": {},
        "Clear Communication Pathways": {},
        "Effective Communication Channels": {},
        "Lucidity in Messaging": {},
        "Open Lines of Communication": {},
        "Direct Communication Flow": {},
        "Unambiguous Communication": {},
        "Crisp Communication Channels": {},
        "Streamlined Communication": {},
        "Clear Messaging Framework": {},
        "Defined Communication Routes": {},
        "Accessible Communication Channels": {},
        "Coherent Communication Pathways": {},
        "Straightforward Communication": {},
        "Well-Structured Communication": {},
        "Explicit Communication Channels": {}
      },
      "Accessibility of Decision-Making Documents": {
        "Digital Availability of Policy Papers": {},
        "Distribution of Translated Documents": {},
        "Number of Accessible Document Formats": {},
        "Public Access to Archived Documents": {},
        "Availability of Decision-Making Documents": {},
        "Access to Decision-Making Records": {},
        "Openness of Decision-Making Materials": {},
        "Transparency of Decision Documents": {},
        "Reachability of Decision-Making Files": {},
        "Discoverability of Decision-Making Information": {},
        "Access to Governance Documents": {},
        "Visibility of Decision-Making Papers": {},
        "Ease of Access to Decision Documents": {},
        "Public Access to Decision-Making Records": {}
      },
      "Level of Stakeholder Consultation in Meetings": {
        "Number of Fisheries Stakeholder Representatives": {},
        "Diversity of Stakeholder Perspectives": {},
        "Stakeholder Engagement Depth": {},
        "Degree of Stakeholder Involvement": {},
        "Extent of Stakeholder Participation": {},
        "Stakeholder Consultation Intensity": {}
      },
      "Availability of Public Feedback Mechanisms": {
        "Number of Public Comment Platforms": {},
        "Frequency of Stakeholder Surveys": {},
        "Volume of Feedback Submitted": {},
        "Diversity of Contributors to Feedback": {},
        "Responsiveness to Feedback Received": {},
        "Public Input Channels": {},
        "Community Feedback Systems": {},
        "Citizen Response Mechanisms": {},
        "Public Consultation Tools": {},
        "Stakeholder Feedback Opportunities": {},
        "Community Engagement Platforms": {},
        "Public Opinion Channels": {},
        "Feedback Collection Methods": {},
        "Citizen Participation Avenues": {},
        "Public Engagement Mechanisms": {},
        "Community Response Frameworks": {},
        "Feedback Solicitation Processes": {}
      },
      "Detail in Impact Assessment Reports": {
        "Granularity of Environmental Impact Data": {},
        "Scope of Stakeholder Input Inclusion": {},
        "Detail in Risk Mitigation Strategies": {},
        "Breadth of Socioeconomic Impact Analysis": {},
        "Specificity of Cumulative Impact Assessments": {},
        "Specifics in Impact Evaluation Reports": {},
        "Elements in Impact Analysis Documents": {},
        "Aspects in Impact Assessment Documentation": {},
        "Components in Impact Study Reports": {},
        "Features in Environmental Assessment Reports": {},
        "Clarifications in Impact Review Reports": {},
        "Insights in Impact Assessment Findings": {},
        "Information in Impact Evaluation Studies": {},
        "Data in Impact Assessment Summaries": {},
        "Points in Impact Analysis Reports": {},
        "Factors in Impact Assessment Documentation": {},
        "Characteristics in Impact Evaluation Reports": {}
      },
      "Complexity of Regulatory Procedures": {
        "Number of Permits Required": {},
        "Steps in Approval Process": {},
        "Duration of Review Periods": {},
        "Entities Involved in Regulatory Compliance": {},
        "Intricacy of Regulatory Processes": {},
        "Complication of Compliance Procedures": {},
        "Sophistication of Regulatory Frameworks": {},
        "Nuances of Regulatory Requirements": {},
        "Convoluted Nature of Regulatory Guidelines": {},
        "Difficulty of Compliance Protocols": {},
        "Elaborateness of Regulatory Standards": {},
        "Multifaceted Nature of Regulatory Procedures": {}
      },
      "Frequency of Public Information Sessions": {
        "Number of Community Outreach Events": {},
        "Diversity of Attendees in Sessions": {},
        "Range of Topics Covered in Sessions": {},
        "Consistency in Session Scheduling": {},
        "Public Information Session Frequency": {},
        "Rate of Public Briefings": {},
        "Public Meeting Occurrence": {},
        "Regularity of Community Information Events": {},
        "Schedule of Public Awareness Sessions": {},
        "Frequency of Community Engagement Meetings": {},
        "Interval of Public Outreach Sessions": {},
        "Cadence of Information Dissemination Events": {}
      },
      "Openness in Decision-Making": {},
      "Clarity in Decision Processes": {},
      "Accountability in Choices": {},
      "Visibility in Decision-Making": {},
      "Honesty in Decision Processes": {},
      "Fairness in Decision-Making": {},
      "Integrity in Decision-Making": {},
      "Disclosure in Decision Processes": {},
      "Lucidity in Decision-Making": {},
      "Straightforwardness in Choices": {},
      "Accessibility in Decision-Making": {},
      "Candidness in Decision Processes": {},
      "Public Insight into Decisions": {},
      "Simplicity in Decision-Making": {},
      "Engagement in Decision Processes": {},
      "Inclusiveness in Decision-Making": {}
    },
    "Extent of Collaborative Partnerships": {
      "Number of Joint Initiatives": {
        "Collaborative Research Projects": {},
        "Integrated Coastal Management Plans": {},
        "Shared Policy Development Workshops": {},
        "Public-Private Partnerships in Marine Conservation": {},
        "Community-Based Offshore Monitoring Programs": {},
        "Count of Collaborative Projects": {},
        "Total Joint Ventures": {},
        "Quantity of Partnership Initiatives": {},
        "Sum of Cooperative Efforts": {},
        "Tally of Joint Programs": {},
        "Amount of Collaborative Endeavors": {},
        "Total Collaborative Initiatives": {},
        "Number of Cooperative Projects": {},
        "Count of Joint Efforts": {},
        "Quantity of Shared Initiatives": {}
      },
      "Diversity of Stakeholders Involved": {
        "Number of Indigenous Group Representatives": {},
        "Range of Industry Backgrounds Represented": {},
        "Variety of Environmental NGO Participants": {},
        "Diversity of Academic Institutions Involved": {},
        "Spectrum of Local Community Interests": {},
        "Variety of Stakeholders Engaged": {},
        "Multiplicity of Stakeholder Groups": {},
        "Wide Array of Stakeholders": {},
        "Varied Stakeholder Involvement": {},
        "Assortment of Interested Parties": {},
        "Different Stakeholder Perspectives": {},
        "Inclusive Stakeholder Representation": {},
        "Eclectic Mix of Stakeholders": {}
      },
      "Frequency of Multi-Stakeholder Meetings": {
        "Number of Offshore Energy Impact Assessments Discussed": {},
        "Variety of Fisheries Management Strategies Evaluated": {},
        "Stakeholder Participation Rate in Decision-Making Processes": {},
        "Compliance of Fisheries Policies with Offshore Energy Regulations": {},
        "Feedback Mechanisms for Fisheries Concerns Addressed": {},
        "Documentation and Reporting of Meeting Outcomes": {},
        "Regularity of Collaborative Meetings": {},
        "Frequency of Joint Stakeholder Conferences": {},
        "Interval of Multi-Party Gatherings": {},
        "Occurrence of Stakeholder Assemblies": {},
        "Cadence of Partnership Meetings": {},
        "Rate of Collective Stakeholder Sessions": {},
        "Schedule of Multi-Entity Discussions": {},
        "Repetition of Stakeholder Engagements": {},
        "Frequency of Cooperative Meetings": {},
        "Regular Meetings of Diverse Stakeholders": {},
        "Timetable of Multi-Stakeholder Consultations": {},
        "Pattern of Joint Engagement Meetings": {}
      },
      "Formal Agreements Established": {
        "Number of Offshore Energy Site Allocations": {},
        "Extent of Fisheries Exclusion Zones": {},
        "Provisions for Fishery Habitat Restoration": {},
        "Contractual Arrangements": {},
        "Official Contracts": {},
        "Binding Agreements": {},
        "Legal Contracts": {},
        "Formal Contracts": {},
        "Established Treaties": {},
        "Documented Agreements": {},
        "Signed Contracts": {}
      },
      "Funding Contributions from Collaborative Partners": {
        "Amount of Financial Support for Offshore Monitoring": {},
        "Level of Investment in Fisheries Impact Research": {},
        "Financial Support from Collaborative Partners": {},
        "Investment Contributions from Partners": {},
        "Joint Funding from Collaborators": {},
        "Resource Contributions from Partner Organizations": {}
      },
      "Scope of Cooperative Alliances": {},
      "Range of Collaborative Relationships": {},
      "Degree of Joint Ventures": {},
      "Breadth of Partnership Engagements": {},
      "Level of Collaborative Networks": {},
      "Magnitude of Cooperative Partnerships": {},
      "Scale of Collaborative Efforts": {},
      "Depth of Alliance Collaborations": {},
      "Span of Teamwork Initiatives": {},
      "Proportion of Partnership Collaborations": {}
    },
    "Effective Governance": {},
    "Stakeholder Involvement": {},
    "Governance Efficiency": {},
    "Stakeholder Participation": {},
    "Organizational Accountability": {},
    "Stakeholder Relations": {},
    "Governance Quality": {},
    "Community Engagement": {}
  },
  "Offshore Energy Infrastructure Development": {
    "Installation of Turbines": {
      "Distance of Turbines from Shore": {
        "Visual Impact on Coastal Communities": {},
        "Sea Life Habitat Proximity": {},
        "Logistics of Maintenance Operations": {},
        "Transmission Cable Length": {},
        "Construction Timeline Complexity": {},
        "Offshore turbine spacing": {},
        "Proximity of turbines to coast": {},
        "Separation of turbines from shoreline": {},
        "Distance from shore to turbines": {},
        "Turbine offshore distance": {},
        "Distance between turbines and land": {},
        "Turbine location relative to shore": {},
        "Shoreline turbine distance": {},
        "Turbine distance from coastal line": {},
        "Marine turbine spacing": {},
        "Turbine placement offshore": {},
        "Distance to offshore turbines": {},
        "Turbine distance from beach": {},
        "Turbine shoreline separation": {}
      },
      "Height of Turbine Structures": {
        "Rotor Diameter": {},
        "Turbine Hub Height": {},
        "Foundation Depth": {},
        "Tower Weight": {},
        "Blade Length": {},
        "Turbine Structure Elevation": {},
        "Turbine Height": {},
        "Turbine Tower Height": {},
        "Vertical Dimension of Turbines": {},
        "Turbine Structure Altitude": {},
        "Turbine Framework Height": {},
        "Turbine Structure Verticality": {},
        "Turbine Tower Elevation": {},
        "Height of Wind Turbines": {},
        "Turbine Structure Stature": {},
        "Turbine Column Height": {},
        "Turbine Structure Reach": {},
        "Turbine Height Measurement": {},
        "Turbine Structure Profile": {}
      },
      "Number of Turbines Installed": {
        "Turbine Installation Density in Specific Offshore Areas": {},
        "Energy Production Capacity per Turbine": {},
        "Proximity of Turbines to Known Fishing Habitats": {},
        "Frequency of Maintenance Visits to Turbines": {},
        "Infrastructure Support Vessels Required": {},
        "Spatial Coverage of Turbine Arrays": {},
        "Installed Turbine Count": {},
        "Turbine Installation Quantity": {},
        "Total Turbines Set Up": {},
        "Count of Installed Turbines": {},
        "Turbine Deployment Number": {},
        "Number of Turbines Erected": {},
        "Installed Wind Turbines": {},
        "Turbine Assembly Total": {},
        "Turbine Configuration Count": {},
        "Turbine Count Installed": {},
        "Total Turbines Commissioned": {},
        "Number of Turbines Operational": {},
        "Turbine Setup Quantity": {},
        "Installed Turbine Totals": {}
      },
      "Turbine Setup": {},
      "Turbine Deployment": {},
      "Turbine Assembly": {},
      "Turbine Commissioning": {},
      "Turbine Erection": {},
      "Turbine Placement": {}
    },
    "Cable Length for Power Transmission": {
      "Undersea Cable Diameter": {
        "Cable Material Thickness": {},
        "Capacity for Power Transmission": {},
        "Bending Radius": {},
        "Weight of Cable per Unit Length": {},
        "External Protective Layer Thickness": {},
        "Submarine Cable Thickness": {},
        "Underwater Cable Width": {},
        "Marine Cable Diameter": {},
        "Oceanic Cable Size": {},
        "Subsea Cable Gauge": {},
        "Undersea Fiber Diameter": {},
        "Deep-Sea Cable Thickness": {},
        "Underwater Fiber Width": {},
        "Submarine Fiber Diameter": {},
        "Undersea Conduit Size": {}
      },
      "Insulation Thickness": {
        "Thermal Conductivity": {},
        "Insulation Material Density": {},
        "Moisture Absorption Rate": {},
        "Insulation Lifespan": {},
        "Insulation Layer Count": {},
        "Thermal Insulation Depth": {},
        "Insulation Layer Thickness": {},
        "Insulation Material Thickness": {},
        "Insulation Depth": {},
        "Insulation Stratum Thickness": {},
        "Thermal Barrier Thickness": {},
        "Insulation Coating Thickness": {},
        "Insulation Dimension": {},
        "Insulation Thickness Measurement": {},
        "Insulation Profile Thickness": {},
        "Insulation Layer Depth": {},
        "Thermal Resistance Thickness": {},
        "Insulation Envelope Thickness": {},
        "Insulation Padding Thickness": {}
      },
      "Voltage Rating": {
        "Rated Voltage of Submarine Cable Systems": {},
        "High Voltage Transmission Capacity": {},
        "Operational Voltage Range of Offshore Converters": {},
        "Voltage Tolerance in Offshore Wind Turbines": {},
        "Electrical Rating": {},
        "Voltage Specification": {},
        "Voltage Capacity": {},
        "Rated Voltage": {},
        "Voltage Level": {},
        "Voltage Limit": {},
        "Nominal Voltage": {},
        "Maximum Voltage": {}
      },
      "Subsea Cable Depth": {
        "Burial Depth of Subsea Cables": {},
        "Sediment Displacement Volume": {},
        "Cable Installation Depth Risk": {},
        "Seabed Stability": {},
        "Undersea Cable Depth": {},
        "Marine Cable Depth": {},
        "Ocean Cable Depth": {},
        "Submarine Cable Depth": {},
        "Seabed Cable Depth": {},
        "Deep Water Cable Depth": {},
        "Subsurface Cable Depth": {},
        "Beneath Surface Cable Depth": {}
      },
      "Maintenance Frequency for Cables": {
        "Frequency of Cable Inspections": {},
        "Number of Cable Repair Incidents": {},
        "Duration between Scheduled Maintenance": {},
        "Degree of Corrosion Protection": {},
        "Adherence to Maintenance Protocol Timelines": {},
        "Cable Inspection Schedule": {},
        "Cable Maintenance Interval": {},
        "Cable Upkeep Frequency": {},
        "Cable Servicing Schedule": {},
        "Cable Care Cycle": {},
        "Cable Maintenance Timing": {},
        "Cable Check Frequency": {},
        "Cable Service Routine": {},
        "Cable Assessment Interval": {},
        "Cable Monitoring Schedule": {},
        "Cable Repair Frequency": {},
        "Cable Maintenance Plan": {},
        "Cable Maintenance Cadence": {},
        "Cable Maintenance Timeline": {},
        "Cable Review Frequency": {},
        "Cable Maintenance Routine": {}
      },
      "Power Cable Length": {},
      "Transmission Line Length": {},
      "Electrical Cable Length": {},
      "Power Line Length": {},
      "Cable Distance for Power": {},
      "Power Transmission Distance": {},
      "Electrical Transmission Length": {},
      "Cable Run Length": {},
      "Power Distribution Cable Length": {},
      "Voltage Cable Length": {},
      "Power Line Distance": {},
      "Electrical Conductor Length": {},
      "Cable Span for Power Transmission": {}
    },
    "Number of Operational Platforms": {
      "Spacing Between Platforms": {
        "Underwater Habitat Area": {},
        "Water Column Mixing": {},
        "Sediment Transport Pattern": {},
        "Hydrodynamic Flow Alteration": {},
        "Platform Gap": {},
        "Platform Distance": {},
        "Platform Separation": {},
        "Platform Interval": {},
        "Platform Clearance": {},
        "Platform Spread": {},
        "Platform Standoff": {},
        "Platform Breach": {},
        "Platform Buffer": {},
        "Platform Margin": {},
        "Platform Dividing Space": {},
        "Platform Displacement": {}
      },
      "Platform Capacity": {
        "Energy Output Potential": {},
        "Structural Load Capacity": {},
        "Space Allocation for Equipment": {},
        "System Capacity": {},
        "Platform Capability": {},
        "Infrastructure Capacity": {},
        "Operational Capacity": {},
        "Service Capacity": {},
        "Resource Availability": {}
      },
      "Support Vessel Count": {
        "Vessel Types Variety": {},
        "Operational Days at Sea": {},
        "Crew Number on Vessels": {},
        "Fuel Consumption by Vessels": {},
        "Maintenance Frequency of Vessels": {},
        "Assistance Vessel Tally": {},
        "Support Craft Number": {},
        "Auxiliary Vessel Total": {},
        "Support Ship Count": {},
        "Service Vessel Enumeration": {},
        "Support Fleet Size": {},
        "Aid Vessel Quantity": {},
        "Support Boat Count": {},
        "Supplementary Vessel Total": {},
        "Support Vessel Inventory": {}
      },
      "Count of Active Platforms": {},
      "Total Operational Systems": {},
      "Quantity of Functional Platforms": {},
      "Number of Active Systems": {},
      "Count of Operational Interfaces": {},
      "Total Number of Working Platforms": {}
    },
    "Offshore Facility Footprint": {
      "Seafloor Area Disturbance": {
        "Extent of Sediment Displacement": {},
        "Area of Benthic Habitat Modification": {},
        "Benthic Habitat Disruption": {},
        "Submarine Ecosystem Disturbance": {},
        "Marine Floor Disruption": {},
        "Seabed Area Disruption": {}
      },
      "Volume of Marine Habitat Alteration": {
        "Seabed Sediment Displacement": {},
        "Area of Artificial Reef Creation": {},
        "Water Column Habitat Modification": {},
        "Extent of Marine Habitat Change": {},
        "Magnitude of Marine Habitat Modification": {},
        "Scale of Marine Habitat Transformation": {},
        "Degree of Marine Ecosystem Alteration": {},
        "Amount of Marine Habitat Adjustment": {},
        "Level of Marine Environment Alteration": {}
      },
      "Extent of Noise Pollution Zones": {
        "Radius of Acoustic Disturbance": {},
        "Duration of Elevated Noise Levels": {},
        "Frequency of Acoustic Signal Emissions": {},
        "Sound Pressure Levels": {},
        "Radius of Sensitive Species Avoidance": {},
        "Level of Noise Contamination Areas": {},
        "Degree of Acoustic Pollution Regions": {},
        "Scope of Sound Pollution Zones": {},
        "Magnitude of Noise Impact Areas": {},
        "Range of Noise Disturbance Zones": {},
        "Intensity of Noise Exposure Regions": {},
        "Scale of Sound Disruption Areas": {},
        "Breadth of Noise Affected Zones": {},
        "Area of Noise Influence Regions": {},
        "Volume of Acoustic Pollution Zones": {},
        "Reach of Noise Pollution Areas": {},
        "Extent of Sound Pollution Zones": {},
        "Proximity of Noise Impact Zones": {},
        "Zone of Acoustic Disturbance": {}
      },
      "Offshore Installation Area": {},
      "Marine Facility Footprint": {},
      "Offshore Site Layout": {},
      "Marine Operations Footprint": {},
      "Offshore Platform Footprint": {},
      "Seabed Facility Area": {}
    },
    "Maintenance Frequency of Structures": {
      "Inspection Schedule for Corrosion": {
        "Frequency of Corrosion Inspections": {},
        "Durability Assessment of Protective Coatings": {},
        "Corrosion Assessment Timeline": {},
        "Corrosion Evaluation Schedule": {},
        "Corrosion Monitoring Plan": {},
        "Corrosion Checkup Calendar": {}
      },
      "Replacement Rate of Component Parts": {
        "Blade Wear in Turbines": {},
        "Cable Degradation": {},
        "Foundation Stress Levels": {},
        "Gearbox Reliability": {},
        "Electrical Component Lifespan": {},
        "Substitution Rate of Component Parts": {},
        "Component Parts Replacement Ratio": {},
        "Replacement Ratio of Parts": {},
        "Component Substitution Rate": {},
        "Parts Replacement Frequency": {},
        "Component Parts Renewal Rate": {},
        "Replacement Level of Components": {},
        "Parts Exchange Rate": {},
        "Component Replacement Index": {},
        "Parts Substitution Ratio": {},
        "Component Parts Turnover Rate": {},
        "Replacement Frequency of Components": {}
      },
      "Structural Maintenance Interval": {},
      "Building Upkeep Schedule": {},
      "Facility Care Frequency": {},
      "Infrastructure Maintenance Cycle": {}
    },
    "Marine Energy Infrastructure Development": {},
    "Offshore Renewable Energy Projects": {},
    "Seabed Energy Facility Construction": {},
    "Coastal Energy Infrastructure Expansion": {},
    "Offshore Power Generation Development": {},
    "Marine Power Infrastructure Development": {},
    "Offshore Energy Project Implementation": {},
    "Ocean Energy Infrastructure Enhancement": {},
    "Offshore Energy Systems Development": {},
    "Marine Renewable Infrastructure Development": {},
    "Offshore Energy Facility Design": {},
    "Subsea Energy Infrastructure Development": {},
    "Offshore Energy Asset Development": {},
    "Marine Energy Project Development": {}
  },
  "Marine Environmental Quality": {
    "Water Pollution Levels": {
      "Hydrocarbon Concentration": {
        "Hydrocarbon Levels in Sediment": {},
        "Polycyclic Aromatic Hydrocarbons (PAHs) in Water Column": {},
        "Hydrocarbon Bioaccumulation in Marine Organisms": {},
        "Hydrocarbon Density": {},
        "Petroleum Concentration": {},
        "Organic Compound Concentration": {},
        "Hydrocarbon Content": {},
        "Hydrocarbon Levels": {},
        "Fossil Fuel Concentration": {}
      },
      "Heavy Metal Levels": {
        "Cadmium Concentration in Sediment": {},
        "Mercury Levels in Marine Flora": {},
        "Lead Content in Seawater": {},
        "Arsenic Presence in Benthic Organisms": {},
        "Copper Accumulation in Coral Reefs": {},
        "Zinc Distribution in Coastal Waters": {},
        "Metal Concentrations": {},
        "Metallic Content": {},
        "Heavy Metal Concentration": {},
        "Toxic Metal Levels": {},
        "Metal Contamination": {},
        "Heavy Metal Presence": {},
        "Metal Load": {},
        "Metallic Levels": {},
        "Heavy Element Levels": {},
        "Toxic Element Concentrations": {},
        "Metallic Pollution": {},
        "Heavy Metal Quantities": {},
        "Metallic Contaminants": {},
        "Trace Metal Levels": {},
        "Heavy Metal Assessment": {},
        "Metal Exposure Levels": {}
      },
      "Suspended Particulate Matter": {
        "Turbidity Levels": {},
        "Sedimentation Rates": {},
        "Particulate Pollution": {},
        "Aerosol Particles": {},
        "Airborne Particulates": {},
        "Fine Particulate Matter": {}
      },
      "Oil Slick Coverage": {
        "Surface Area of Oil Slicks": {},
        "Thickness of Oil Layers": {},
        "Temporal Persistence of Oil Slicks": {},
        "Distance from Shoreline": {},
        "Distribution in Water Column": {},
        "Oil Spill Protection": {},
        "Hydrocarbon Film Coverage": {},
        "Petroleum Contamination Shield": {},
        "Oil Containment Area": {},
        "Oil Sheen Barrier": {},
        "Petroleum Spill Defense": {},
        "Oil Pollution Guard": {},
        "Hydrocarbon Surface Layer": {},
        "Oil Coating Protection": {},
        "Petroleum Film Coverage": {},
        "Oil Pollution Mitigation": {},
        "Hydrocarbon Spill Management": {}
      },
      "Dispersant Chemical Residues": {
        "Residue Concentration in Sediment": {},
        "Residue Bioaccumulation in Marine Organisms": {},
        "Dispersant Remnants": {},
        "Dispersant Chemical Byproducts": {},
        "Dispersant Residuals": {},
        "Dispersant Chemical Traces": {}
      },
      "Aquatic Contamination Levels": {},
      "Water Quality Indices": {},
      "Hydrological Pollution Metrics": {},
      "Water Impurity Rates": {},
      "Aquatic Ecosystem Degradation": {},
      "Waterborne Contaminant Concentrations": {},
      "Surface Water Quality Levels": {},
      "Freshwater Pollution Rates": {},
      "Pollutant Load in Water": {},
      "Water Safety Standards": {},
      "Chemical Contamination Levels": {},
      "Water Toxicity Measurements": {},
      "Eutrophication Levels": {},
      "Water Clarity Indices": {}
    },
    "Noise Pollution from Marine Operations": {
      "Sound Intensity Levels in Marine Area": {
        "Acoustic Pollution from Offshore Energy Operations": {},
        "Ambient Noise Contribution from Marine Renewable Installations": {},
        "Acoustic Energy Levels in Marine Environments": {},
        "Underwater Sound Pressure Levels": {},
        "Marine Acoustic Intensity Measurements": {},
        "Subaqueous Sound Level Assessments": {}
      },
      "Duration of Noise Emission": {
        "Number of Continuous Sound Hours": {},
        "Cumulative Days of Acoustic Disturbance": {},
        "Duration of Noise During Breeding Seasons": {},
        "Length of Intermittent Sound Events": {},
        "Noise Emission Period": {},
        "Noise Output Duration": {},
        "Sound Emission Timeframe": {},
        "Length of Noise Production": {},
        "Sound Emission Duration": {},
        "Noise Release Interval": {},
        "Duration of Sound Emission": {},
        "Noise Generation Time": {}
      },
      "Frequency Spectrum of Operational Noise": {
        "Range of Frequency Bands Impacted": {},
        "Characterization of Peak Frequency Modulations": {},
        "Diversity of Frequencies Emitted by Offshore Installations": {},
        "Operational Noise Frequency Analysis": {},
        "Noise Spectrum Profile": {},
        "Operational Sound Frequency Range": {},
        "Acoustic Frequency Distribution": {},
        "Noise Emission Spectrum": {},
        "Sound Frequency Characteristics": {}
      },
      "Spatial Extent of Noise Dispersion": {
        "Proximity to Sensitive Marine Habitats": {},
        "Area of Noise Influence Around Offshore Platforms": {},
        "Reach of Noise into Deep-Sea Regions": {},
        "Noise Overlay on Fish Spawning Grounds": {},
        "Noise Spread Area": {},
        "Noise Distribution Range": {},
        "Sound Propagation Zone": {},
        "Acoustic Dispersion Field": {},
        "Noise Impact Area": {},
        "Sound Dispersion Scope": {},
        "Noise Coverage Region": {},
        "Acoustic Spread Extent": {},
        "Sound Distribution Extent": {},
        "Noise Influence Zone": {},
        "Acoustic Range of Effect": {},
        "Noise Propagation Area": {},
        "Sound Impact Radius": {},
        "Noise Dispersion Zone": {},
        "Acoustic Coverage Area": {},
        "Sound Spread Extent": {}
      },
      "Impact on Marine Mammal Communication": {
        "Acoustic Habitat Integrity": {},
        "Communication Range Clarity": {},
        "Effect on Marine Mammal Interaction": {},
        "Influence on Marine Mammal Vocalization": {},
        "Consequences for Marine Mammal Messaging": {},
        "Impact on Marine Mammal Signals": {}
      },
      "Noise Levels Near Underwater Infrastructure": {
        "Underwater Acoustic Pollution Levels": {},
        "Sound Penetration Depth": {},
        "Noise Impact on Fish Behavior": {},
        "Acoustic Levels Around Subsea Structures": {},
        "Sound Intensity Near Underwater Facilities": {},
        "Underwater Noise Measurements at Infrastructure": {},
        "Submarine Infrastructure Sound Levels": {},
        "Hydroacoustic Conditions Near Marine Installations": {},
        "Noise Pollution Levels in Underwater Environments": {}
      },
      "Cumulative Noise from Multiple Operations": {
        "Overlap of Noise Zones": {},
        "Aggregate Acoustic Pressure": {},
        "Combined Operational Sound Sources": {},
        "Aggregate Noise from Various Activities": {},
        "Combined Noise from Multiple Sources": {},
        "Total Noise from Diverse Operations": {},
        "Collective Noise from Several Processes": {},
        "Summative Noise from Different Tasks": {},
        "Holistic Noise from Various Operations": {}
      },
      "Underwater noise disturbance": {},
      "Marine acoustic pollution": {},
      "Ocean sound contamination": {},
      "Aquatic noise interference": {},
      "Seasound pollution": {},
      "Nautical sound disruption": {},
      "Marine noise impact": {},
      "Submarine noise pollution": {},
      "Ship noise emissions": {},
      "Fisheries sound disturbance": {},
      "Coastal acoustic pollution": {},
      "Harbor noise effects": {},
      "Marine vessel noise": {},
      "Oceanic sound pollution": {},
      "Sonar noise pollution": {},
      "Marine operational noise": {}
    },
    "Sediment Quality": {
      "Sediment Grain Size Distribution": {
        "Proportion of Fine Sediments": {},
        "Gravel Content in Seabed": {},
        "Sand Fraction in Sediments": {},
        "Silt Accumulation Rate": {},
        "Particle Size Distribution": {},
        "Grain Size Analysis": {},
        "Sediment Size Distribution": {},
        "Grain Size Spectrum": {},
        "Sedimentary Grain Distribution": {},
        "Sediment Particle Size": {},
        "Grain Size Parameters": {},
        "Sediment Texture Distribution": {},
        "Size Class Distribution": {},
        "Sediment Granulometry": {}
      },
      "Organic Matter Content in Sediments": {
        "Decomposition Rate of Marine Organic Matter": {},
        "Sediment Nutrient Enrichment Levels": {},
        "Biodegradable Material Proportion in Sediments": {},
        "Sediment Carbon Sequestration Capacity": {},
        "Sedimentary Organic Carbon": {},
        "Organic Material in Sediments": {},
        "Sediment Organic Composition": {},
        "Biological Matter in Sediments": {},
        "Organic Substance in Sedimentary Layers": {},
        "Sediment Organic Content": {},
        "Organic Residue in Sediments": {},
        "Carbonaceous Material in Sediments": {}
      },
      "Heavy Metal Concentration in Sediments": {
        "Cadmium Levels in Sediments": {},
        "Mercury Accumulation in Sediments": {},
        "Lead Concentration in Sediments": {},
        "Arsenic Content in Sedimentary Layers": {},
        "Zinc Distribution in Seafloor Sediments": {},
        "Metal Contamination in Sediments": {},
        "Sedimentary Heavy Metal Levels": {},
        "Heavy Metal Load in Sediments": {},
        "Sediment Metal Pollution": {},
        "Metal Accumulation in Sediments": {},
        "Sediment Heavy Metal Burden": {},
        "Heavy Metal Content in Sediments": {},
        "Sedimentary Metal Concentration": {},
        "Heavy Metal Presence in Sediments": {},
        "Sediment Metal Concentration": {},
        "Heavy Metal Deposits in Sediments": {},
        "Sediment Toxic Metal Levels": {}
      },
      "Hydrocarbon Presence in Sediments": {
        "Polycyclic Aromatic Hydrocarbon (PAH) Concentration": {},
        "Aliphatic Hydrocarbon Levels": {},
        "Hydrocarbon Accumulation in Sediments": {},
        "Sedimentary Hydrocarbon Detection": {},
        "Hydrocarbon Content in Sedimentary Deposits": {},
        "Presence of Hydrocarbons in Geological Sediments": {}
      },
      "Sediment Oxygen Demand": {
        "Biological Oxygen Utilization in Sediments": {},
        "Microbial Activity Levels in Sediment Layers": {},
        "Chemical Oxygen Depletion Rates": {},
        "Nutrient Concentrations Affecting Sediment Oxygen": {},
        "Sediment Layer Thickness Influencing Oxygen Demand": {},
        "Biochemical Oxygen Demand": {},
        "BOD": {},
        "Sediment Respiration Rate": {},
        "Oxygen Consumption Rate": {},
        "Sediment Oxygen Consumption": {},
        "Organic Matter Decomposition Rate": {},
        "Substrate Oxygen Demand": {},
        "Sedimentary Oxygen Demand": {},
        "Oxygen Demand in Sediments": {},
        "Anaerobic Decomposition Rate": {},
        "Microbial Oxygen Demand": {},
        "Sediment Metabolic Demand": {}
      },
      "Sediment Health": {},
      "Sediment Condition": {},
      "Sediment Integrity": {},
      "Sediment Assessment": {},
      "Sediment Status": {},
      "Sediment Characteristics": {},
      "Sediment Pollution Level": {},
      "Sediment Purity": {},
      "Sediment Contamination": {},
      "Sediment Analysis": {},
      "Sediment Toxicity": {},
      "Sediment Ecosystem Quality": {},
      "Sediment Environmental Quality": {}
    },
    "Chemical Contaminant Concentration": {
      "Heavy Metal Levels in Marine Sediments": {
        "Concentration of Lead in Offshore Sediments": {},
        "Mercury Content in Subtidal Zones": {},
        "Cadmium Levels in Seabed Deposits": {},
        "Copper Accumulation in Benthic Layers": {},
        "Nickel Presence in Sediment Particles": {},
        "Metal Concentrations in Ocean Bottom Sediments": {},
        "Metallic Contaminants in Marine Sediments": {},
        "Heavy Metal Concentrations in Seafloor Deposits": {},
        "Trace Metal Content in Marine Sedimentary Layers": {},
        "Metal Pollution in Oceanic Sediments": {},
        "Heavy Metal Accumulation in Marine Soil": {},
        "Sedimentary Heavy Metal Concentrations": {},
        "Marine Sediment Metal Profiles": {},
        "Trace Element Levels in Marine Sediments": {},
        "Heavy Metal Deposits in Ocean Sediments": {},
        "Sediment-bound Heavy Metals in Marine Environments": {},
        "Marine Sediment Metal Analysis": {},
        "Contaminant Metal Levels in Marine Sediments": {},
        "Heavy Metal Distribution in Coastal Sediments": {},
        "Ocean Floor Metal Concentrations": {},
        "Sediment Heavy Metal Assessment": {}
      },
      "Persistent Organic Pollutants in Coastal Waters": {
        "Concentration of Polychlorinated Biphenyls (PCBs)": {},
        "Levels of Polycyclic Aromatic Hydrocarbons (PAHs)": {},
        "Dioxin and Furan Levels": {},
        "Pesticide Residues": {},
        "Presence of Flame Retardants": {},
        "Concentration of Phthalates": {},
        "Coastal Persistent Organic Contaminants": {},
        "Marine Organic Pollutants": {},
        "Coastal Water Contaminants": {},
        "Persistent Organic Chemicals in Marine Environments": {},
        "Coastal Toxic Organic Substances": {},
        "Organic Pollutants in Coastal Ecosystems": {},
        "Persistent Organic Pollutants in Marine Waters": {},
        "Coastal Environmental Contaminants": {},
        "Marine Persistent Organic Pollutants": {},
        "Coastal Toxicants": {},
        "Organic Environmental Pollutants in Coastal Regions": {},
        "Persistent Organic Pollutants in Aquatic Systems": {}
      },
      "Pollutant Level": {},
      "Toxic Substance Density": {},
      "Contaminant Load": {},
      "Chemical Pollution Concentration": {}
    },
    "Marine Litter Accumulation": {
      "Plastic Debris Density": {
        "Seabed Plastic Accumulation": {},
        "Water Column Plastic Concentration": {},
        "Ocean Surface Plastic Density": {},
        "Plastic Waste Concentration": {},
        "Plastic Pollution Density": {},
        "Synthetic Material Density": {},
        "Polymer Debris Concentration": {},
        "Microplastic Density": {},
        "Plastic Particulate Density": {},
        "Plastic Contamination Level": {},
        "Plastic Fragment Density": {}
      },
      "Microplastic Concentration": {
        "Microplastic Particle Density": {},
        "Microplastic Accumulation in Sediments": {},
        "Microplastic Ingestion by Marine Organisms": {},
        "Microplastic Fiber Concentration in Water Columns": {},
        "Microplastic Distribution in Coral Reefs": {},
        "Microplastic Levels": {},
        "Microplastic Abundance": {},
        "Microplastic Load": {},
        "Microplastic Content": {},
        "Microplastic Quantity": {},
        "Microplastic Presence": {},
        "Microplastic Accumulation": {},
        "Microplastic Measurement": {},
        "Microplastic Pollution Rate": {},
        "Microplastic Distribution": {},
        "Microplastic Infestation": {}
      },
      "Floating Debris Coverage": {
        "Presence of Oil-based Debris": {},
        "Buoy Density in Marine Areas": {},
        "Storm-related Debris Incidents": {},
        "Driftwood Insurance": {},
        "Flotsam Protection": {},
        "Surface Debris Coverage": {},
        "Marine Debris Insurance": {},
        "Waterborne Debris Protection": {},
        "Floating Waste Coverage": {}
      },
      "Littering Rate on Shorelines": {
        "Organic Waste Accumulation": {},
        "Chemical Pollutant Levels": {},
        "Shoreline Waste Index": {},
        "Coastal Debris Level": {},
        "Beach Pollution Rate": {},
        "Marine Litter Frequency": {}
      },
      "Ocean Waste Buildup": {},
      "Seaside Debris Collection": {},
      "Marine Trash Accumulation": {},
      "Coastal Refuse Gathering": {},
      "Aquatic Litter Aggregation": {},
      "Waterway Pollution Accumulation": {},
      "Nautical Waste Accrual": {},
      "Sea Debris Accumulation": {}
    },
    "Seawater Nutrient Concentration": {
      "Iron Content": {
        "Particulate Iron Deposition": {},
        "Dissolved Iron Concentration": {},
        "Sediment Iron Content": {},
        "Iron Bioavailability": {},
        "Iron Sequestration in Marine Organisms": {},
        "Iron Concentration": {},
        "Iron Level": {},
        "Iron Concentration Level": {},
        "Iron Quantity": {},
        "Iron Amount": {},
        "Iron Proportion": {},
        "Iron Density": {},
        "Iron Concentration Rate": {},
        "Iron Presence": {},
        "Iron Composition": {},
        "Iron Measurement": {},
        "Iron Concentration Ratio": {},
        "Iron Content Level": {},
        "Ferrous Content": {},
        "Iron Concentration Value": {},
        "Iron Supply": {}
      },
      "Dissolved Organic Carbon": {
        "Concentration of Aromatic Compounds": {},
        "Particulate Organic Carbon Levels": {},
        "Sedimentary Organic Matter Content": {},
        "Photochemical Degradation Rates": {},
        "Dissolved Organic Matter": {},
        "Dissolved Organic Substances": {},
        "Dissolved Organic Compounds": {},
        "Dissolved Carbon Compounds": {},
        "Organic Carbon in Solution": {},
        "Soluble Organic Carbon": {},
        "Biologically Available Carbon": {},
        "Dissolved Carbonaceous Material": {}
      },
      "Ammonium Presence": {
        "Ammonium Concentration in Seawater": {},
        "Ammonium Assimilation by Marine Organisms": {},
        "Ammonium Sedimentation Rates": {},
        "Ammonium Transformation in Coastal Zones": {},
        "Ammonium Detection": {},
        "Ammonium Concentration": {},
        "Ammonium Levels": {},
        "Ammonium Existence": {},
        "Ammonium Availability": {},
        "Ammonium Occurrence": {},
        "Ammonium Measurement": {},
        "Ammonium Manifestation": {}
      },
      "Nitrate Availability": {
        "Algal Bloom Formation": {},
        "Zooplankton Growth Rates": {},
        "Nitrate Accessibility": {},
        "Nitrate Supply": {},
        "Nitrate Presence": {},
        "Nitrate Levels": {}
      },
      "Marine Nutrient Levels": {},
      "Ocean Nutrient Density": {},
      "Seawater Nutrient Content": {},
      "Saltwater Nutrient Concentration": {},
      "Aquatic Nutrient Concentration": {},
      "Oceanic Nutrient Levels": {},
      "Seawater Nutrient Profile": {},
      "Marine Nutrient Concentration": {},
      "Saline Nutrient Concentration": {},
      "Seawater Nutrient Composition": {},
      "Nutrient Load in Seawater": {},
      "Nutrient Availability in Oceans": {},
      "Marine Nutrient Dynamics": {},
      "Nutrient Concentration in Saltwater": {},
      "Seawater Fertility Index": {},
      "Oceanic Nutrient Composition": {}
    },
    "Marine Ecosystem Health": {},
    "Oceanic Environmental Standards": {},
    "Aquatic Environmental Quality": {},
    "Marine Habitat Integrity": {},
    "Ocean Health Assessment": {},
    "Marine Biodiversity Quality": {},
    "Coastal Environmental Quality": {},
    "Seawater Quality": {},
    "Marine Pollution Levels": {},
    "Aquatic Ecosystem Quality": {},
    "Marine Conservation Status": {},
    "Oceanic Ecosystem Quality": {},
    "Marine Resource Sustainability": {},
    "Coastal Waters Health": {},
    "Marine Environment Assessment": {},
    "Oceanic Biodiversity Health": {}
  },
  "Fisheries Economic Performance": {
    "Revenue from Fisheries": {
      "Volume of Fish Harvested": {
        "Catch per Unit Effort": {},
        "Size Composition of Catch": {},
        "Species Diversity in Catch": {},
        "Proportion of Bycatch": {},
        "Economic Value of Fish Caught": {},
        "Market Demand for Fish Species": {},
        "Seasonality of Fish Availability": {},
        "Fish Catch Volume": {},
        "Total Fish Harvest": {},
        "Fish Yield": {},
        "Quantity of Fish Collected": {},
        "Fish Production Volume": {},
        "Fish Capture Amount": {},
        "Harvested Fish Quantity": {},
        "Fish Landing Volume": {},
        "Fish Extraction Volume": {},
        "Fish Collection Total": {},
        "Fish Harvest Amount": {},
        "Total Fish Caught": {},
        "Fish Output Volume": {},
        "Fish Gathering Quantity": {},
        "Fish Harvest Total": {},
        "Fish Trawl Volume": {}
      },
      "Availability of Fishing Licenses": {
        "Number of Licenses Issued for New Fisheries": {},
        "Quota Allocations Per License": {},
        "License Renewal rates": {},
        "Cost of Obtaining Fishing Licenses": {},
        "Duration Length of Fishing Licenses": {},
        "Types of Fishing Gear Permitted with Licenses": {},
        "Access to Fishing Permits": {},
        "Fishing License Accessibility": {},
        "Availability of Angling Licenses": {},
        "Fishing Permit Availability": {},
        "Fishing License Supply": {},
        "Fishing Rights Availability": {},
        "Angling Permit Access": {},
        "Fishing License Distribution": {},
        "Availability of Recreational Fishing Licenses": {},
        "Fishing License Procurement": {},
        "Fishing Permit Supply": {},
        "License Availability for Anglers": {},
        "Fishing Rights Accessibility": {},
        "Fishing License Issuance": {},
        "Availability of Sport Fishing Licenses": {},
        "Fishing License Access": {}
      },
      "Fisheries Income": {},
      "Aquaculture Revenue": {},
      "Fishing Industry Earnings": {},
      "Marine Resource Profits": {}
    },
    "Operational Costs of Fishing": {
      "Fuel Consumption for Fishing Vessels": {
        "Vessel Fuel Efficiency Rates": {},
        "Alternative Fuel Adoption": {},
        "Fuel Cost Fluctuation Impact on Operations": {},
        "Fuel Type Diversity in Fishing Vessels": {},
        "Fuel Supply Chain Stability for Fisheries": {},
        "Energy Usage for Fishing Boats": {},
        "Fuel Efficiency of Fishing Vessels": {},
        "Fuel Usage in Commercial Fishing": {},
        "Petrol Consumption for Fishing Crafts": {},
        "Marine Vessel Fuel Expenditure": {},
        "Fuel Burn Rate for Fishing Ships": {},
        "Energy Expenditure of Fishing Fleets": {},
        "Diesel Consumption for Fishing Trawlers": {},
        "Fuel Demand for Fishing Operations": {},
        "Propulsion Fuel Usage in Fishing Vessels": {},
        "Fuel Economy for Fishing Crafts": {},
        "Hydrocarbon Consumption for Fishing Boats": {},
        "Fuel Requirements for Fishing Activities": {},
        "Marine Fuel Consumption for Fishing": {}
      },
      "Maintenance Expenses for Fishing Equipment": {
        "Replacement Costs for Fishing Gear": {},
        "Repair Frequency of Fishing Equipment": {},
        "Durability of Equipment Materials": {},
        "Technological Upgrades for Fishing Tools": {},
        "Fishing gear upkeep costs": {},
        "Fishing equipment repair expenses": {},
        "Angling gear maintenance fees": {},
        "Fishing tackle service charges": {},
        "Aquatic equipment maintenance costs": {},
        "Fishing apparatus upkeep expenses": {},
        "Recreational fishing equipment costs": {},
        "Fishing tools maintenance expenses": {}
      },
      "Crew Wages and Benefits": {
        "Compensation Packages for Different Crew Positions": {},
        "Healthcare Provision for Crew Members": {},
        "Training and Skill Development Opportunities for Crew": {},
        "Employee Compensation": {},
        "Staff Salaries and Perks": {},
        "Workforce Pay and Benefits": {},
        "Team Remuneration and Advantages": {},
        "Personnel Earnings and Incentives": {},
        "Crew Compensation Package": {}
      },
      "Fishing Operational Expenses": {},
      "Fishing Cost of Operations": {},
      "Fishing Activity Costs": {},
      "Fishing Expenditure": {},
      "Operational Expenses in Fisheries": {},
      "Fishing Business Costs": {}
    },
    "Market Prices for Fish": {
      "Demand for Specific Fish Species": {
        "Preferences for Local Fish Species Over Imported": {},
        "Popularity of Predominantly Wild-Caught Species": {},
        "Influence of Seasonal Factors on Species Demand": {},
        "Market Demand for Sustainable Seafood Certification": {},
        "Interest in Culinary Trends Featuring Specific Species": {},
        "Request for Particular Fish Varieties": {},
        "Market Demand for Certain Fish Types": {},
        "Interest in Specific Fish Species": {},
        "Desire for Targeted Fish Species": {},
        "Need for Designated Fish Varieties": {},
        "Preference for Select Fish Species": {},
        "Call for Specific Fish Types": {},
        "Appetite for Particular Fish Varieties": {},
        "Requirement for Specific Fish Species": {},
        "Hunger for Targeted Fish Types": {}
      },
      "Supply Chain Disruption Impacts": {
        "Availability of Processing Facilities": {},
        "Stockpiling Levels of Fishing Inputs": {},
        "Labor Availability for Fish Processing": {},
        "Transportation Network Capacity for Fisheries": {},
        "Cold Storage Infrastructure Utilization": {},
        "Port Congestion Levels": {},
        "Logistics Efficiency in Fish Distribution": {},
        "Supply Chain Interruption Effects": {},
        "Logistical Disruption Consequences": {},
        "Supply Chain Disturbance Outcomes": {},
        "Supply Chain Breakdown Implications": {},
        "Distribution Network Challenges": {},
        "Supply Chain Interruptions": {},
        "Operational Disruption Effects": {},
        "Supply Chain Instability Consequences": {},
        "Logistical Challenges Impact": {},
        "Supply Chain Failure Effects": {},
        "Supply Chain Delay Impacts": {},
        "Supply Chain Risk Outcomes": {},
        "Supply Chain Vulnerability Effects": {},
        "Supply Chain Efficiency Losses": {},
        "Supply Chain Service Disruption": {},
        "Supply Chain Performance Impacts": {}
      },
      "Consumer Willingness to Pay": {
        "Perceived Quality of Fish Products from Energetic Conflict Zones": {},
        "Consumer Perception of Offshore Energy's Impact on Fish Sustainability": {},
        "Price Sensitivity": {},
        "Willingness to Spend": {},
        "Purchase Intent": {},
        "Value Perception": {}
      },
      "Price Disparities Across Regions": {
        "Transportation Costs for Fish Export": {},
        "Regional Taxation and Tariff Structures": {},
        "Regional Price Variations": {},
        "Geographic Price Differences": {},
        "Price Inequities by Area": {},
        "Location-Based Price Divergence": {}
      },
      "Fish Market Rates": {},
      "Fish Pricing": {},
      "Fish Sale Prices": {},
      "Fish Valuation": {},
      "Market Value of Fish": {},
      "Fish Trade Prices": {},
      "Fish Cost in Market": {},
      "Wholesale Fish Prices": {}
    },
    "Employment Levels in Fisheries Sector": {
      "Number of Fisheries Jobs": {
        "Access to Offshore Fisheries Resources": {},
        "Impact of Energy Infrastructure on Fishing Areas": {},
        "Fish Catch Processing Demand": {},
        "Fisheries Support Industry Demand": {},
        "Local Fisheries Cooperative Participation": {},
        "Fisheries Employment Opportunities": {},
        "Aquaculture Job Openings": {},
        "Fishing Industry Positions": {},
        "Marine Resource Employment": {},
        "Fishery Workforce Count": {},
        "Aquatic Job Listings": {},
        "Fishing Sector Careers": {},
        "Fisheries Workforce Numbers": {},
        "Marine Employment Statistics": {},
        "Aquaculture Career Opportunities": {},
        "Fishing Jobs Availability": {},
        "Fisheries Labor Market": {},
        "Aquatic Industry Employment": {},
        "Fisheries Job Market": {},
        "Fishing Workforce Data": {},
        "Aquaculture Employment Figures": {}
      },
      "Average Wage in Fisheries": {
        "Percentage of Income From Energy Sector Work": {},
        "Value of Fish Sold Per Hour Worked": {},
        "Energy-Related Equipment Shares in Production Costs": {},
        "Mean Salary in Fisheries": {},
        "Typical Earnings in Fisheries": {},
        "Average Income in Fishing Industry": {},
        "Standard Wage in Fisheries": {},
        "Median Pay in Fisheries": {},
        "Fisheries Compensation Average": {}
      },
      "Job Tenure Across Fisheries": {
        "Duration of Seasonal Employment": {},
        "Retention Rates in Fisheries": {},
        "Career Advancement Opportunities": {},
        "Job Satisfaction Levels": {},
        "Skill Specialization in Fisheries": {},
        "Employment Duration in Fisheries": {},
        "Fisheries Job Stability": {},
        "Tenure in Aquatic Employment": {},
        "Length of Service in Fisheries": {},
        "Fisheries Employment Tenure": {},
        "Duration of Fisheries Employment": {},
        "Job Longevity in Fisheries": {},
        "Fisheries Career Duration": {},
        "Tenure Length in Aquaculture": {},
        "Sustainability of Fisheries Employment": {},
        "Job Retention in Fisheries": {},
        "Fisheries Workforce Tenure": {}
      },
      "Fisheries Training Program Enrollment": {
        "Number of Specialized Fisheries Courses": {},
        "Enrollment in Renewable Energy Impact Modules": {},
        "Aquaculture Training Program Registration": {},
        "Fishery Education Course Enrollment": {},
        "Marine Resource Training Program Sign-up": {},
        "Fishing Industry Training Course Admission": {}
      },
      "Fishing Communities' Labor Force Size": {
        "Migration Patterns of Fishing Workers": {},
        "Dependency on Local Offshore Energy Projects": {},
        "Skill Demographics within Fishing Communities": {},
        "Fishermen workforce": {},
        "Aquatic labor population": {},
        "Fishing industry employment": {},
        "Maritime labor force": {},
        "Fisheries workforce size": {},
        "Coastal community labor pool": {}
      },
      "Fishery Workforce Statistics": {},
      "Fisheries Employment Rates": {},
      "Fishing Industry Job Levels": {},
      "Marine Sector Workforce Data": {},
      "Fisheries Labor Market Trends": {},
      "Employment Metrics in Fisheries": {},
      "Fishing Sector Job Opportunities": {},
      "Aquatic Resource Employment Levels": {},
      "Fishery Job Market Analysis": {},
      "Employment Trends in Aquaculture": {},
      "Fisheries Workforce Participation": {},
      "Fishing Industry Employment Statistics": {},
      "Marine Employment Levels": {}
    },
    "Investment in Fishing Technology": {
      "Adoption Rate of Advanced Tracking Systems": {
        "Fleet Tracking Efficiency": {},
        "Data Integration Level": {},
        "Monitoring Coverage Area": {},
        "Adoption Cost Factors": {},
        "Technology Uptake among Fishers": {},
        "Implementation Rate of Advanced Tracking Systems": {},
        "Uptake of Advanced Tracking Technologies": {},
        "Adoption Level of Sophisticated Tracking Solutions": {},
        "Integration Rate of Enhanced Tracking Systems": {},
        "Acceptance Rate of Advanced Monitoring Systems": {},
        "Utilization Rate of Cutting-Edge Tracking Devices": {},
        "Deployment Rate of Innovative Tracking Solutions": {},
        "Embrace of Advanced Tracking Mechanisms": {},
        "Usage Rate of Modern Tracking Technologies": {},
        "Incorporation Rate of Advanced Tracking Tools": {},
        "Engagement Level with Advanced Tracking Systems": {},
        "Adoption Frequency of High-Tech Tracking Solutions": {}
      },
      "Number of Eco-Friendly Fishing Gear Innovations": {
        "Variety of Biodegradable Materials Used in Gear": {},
        "Patents Filed for Eco-Friendly Gear Designs": {},
        "Market Share of Eco-Friendly Gear": {},
        "Investment in Sustainable Gear Research": {},
        "Number of Collaborations Between Energy and Fishing Industries in Gear Innovation": {},
        "Availability of Training Programs for Eco-Friendly Gear Usage": {},
        "Count of Sustainable Fishing Equipment Developments": {},
        "Total Eco-Conscious Angling Gear Innovations": {},
        "Quantity of Green Fishing Gear Advancements": {},
        "Amount of Environmentally Friendly Fishing Tools": {},
        "Number of Sustainable Aquatic Equipment Innovations": {},
        "Total Eco-Friendly Fishing Gear Solutions": {},
        "Count of Eco-Sustainable Fishing Equipment Innovations": {},
        "Quantity of Green Angling Gear Improvements": {},
        "Amount of Eco-Friendly Fishing Gear Enhancements": {},
        "Number of Environmentally Responsible Fishing Innovations": {},
        "Total Sustainable Fishing Gear Designs": {},
        "Count of Eco-Innovative Fishing Equipment": {},
        "Quantity of Green Fishing Solutions": {},
        "Amount of Eco-Conscious Fishing Gear Developments": {},
        "Number of Environmentally Sustainable Angling Tools": {},
        "Total Eco-Friendly Fishing Equipment Innovations": {}
      },
      "Funding for Aquaculture Innovations": {},
      "Capital for Fishing Equipment Development": {},
      "Investment in Marine Technology": {},
      "Financial Support for Fisheries Technology": {}
    },
    "Aquaculture Economic Efficiency": {},
    "Fishing Industry Financial Performance": {},
    "Marine Resource Economic Viability": {},
    "Seafood Industry Profitability": {},
    "Fisheries Financial Success": {},
    "Aquatic Resource Economic Output": {},
    "Fisheries Market Performance": {},
    "Fishing Sector Economic Productivity": {},
    "Marine Economics": {},
    "Fisheries Revenue Generation": {},
    "Aquatic Industry Economic Assessment": {},
    "Fishing Business Performance Metrics": {},
    "Fisheries Economic Impact": {},
    "Sustainable Fisheries Economic Analysis": {}
  }
}